location,count,latitude,longitude,reason
"Tokyo, Japan",5,35.689487,139.691711,MatterCon2020 Attendee
"Seoul, South Korea",3,37.566536,126.977966,MatterCon2020 Attendee
"Austin,USA",1,30.267153,-97.743057,MatterCon2020 Attendee
"Brussels,Belgium",1,50.850346,4.351721,MatterCon2020 Attendee
"Delhi,India"1,28.704060,77.102493,MatterCon2020 Attendee
"Mumbai,India",1,19.075983,72.877655,MatterCon2020 Attendee
"Madrid,Spain",1,40.416775,-3.703790,MatterCon2020 Attendee
"Warsaw,Poland",1,52.229675,21.012230,MatterCon2020 Attendee
"Seattle,USA",2,47.606209,-122.332069,MatterCon2020 Attendee
"Hyderabad,India",1,17.385044,78.486671,MatterCon2020 Attendee
"Antananarivo,Madagascar",1,-18.879190,47.507904,MatterCon2020 Attendee
"London,UK",1,51.507351,-0.127758,MatterCon2020 Attendee
"Toronto,Canada",1,43.653225,-79.383186,MatterCon2020 Attendee
"Mountain View, Santa Clara County, California, United States",2,37.39008,-122.08139,Confirmed Contributor
"Santa Monica, Los Angeles County, California, United States",1,34.01093,-118.49151,Confirmed Contributor
"Chicago, Cook County, Illinois, United States",7,41.50148,-87.6416,Confirmed Contributor
"Stockholms län, Sweden",2,59.33279,18.06449,Confirmed Contributor
"Beaverton, Washington County, Oregon, United States",1,45.52769,-122.94624,Confirmed Contributor
"Driedorf, Lahn-Dill-Kreis, Gießen, Hessen, Germany",1,50.63399,8.18579,Confirmed Contributor
"Durham, North Carolina, United States",1,35.99695,-78.89902,Confirmed Contributor
"Russia",5,55.75654,37.61492,Confirmed Contributor
"West Palm Beach, Palm Beach County, Florida, United States",1,26.71444,-80.05495,Confirmed Contributor
"Paris, Arrondissement de Paris, Île-de-France, France",7,48.81833,2.45606,Confirmed Contributor
"Indianapolis, Center Township, Marion County, Indiana, United States",1,39.92507,-86.26487,Confirmed Contributor
"Centennial, Arapahoe County, Colorado, United States",1,39.56614,-104.97774,Confirmed Contributor
"Markham, Regional Municipality of York, Ontario, Canada",2,43.90342,-79.37481,Confirmed Contributor
"Phelpston, Springwater, Simcoe County, Ontario, Canada",1,44.16402,-79.57712,Confirmed Contributor
"Lugano, Lugano, Ticino, Switzerland",1,46.0036,8.95362,Confirmed Contributor
"Toronto, Toronto Division, Ontario, Canada",14,43.65189,-79.38171,Confirmed Contributor
"Folsom, Sacramento County, California, United States",1,38.68112,-121.18915,Confirmed Contributor
"San Anselmo, Marin County, California, United States",1,37.97538,-122.56183,Confirmed Contributor
"Wichita, Sedgwick County, Kansas, United States",1,37.68602,-97.33557,Confirmed Contributor
"Erin, Wellington County, Ontario, Canada",1,43.78271,-80.08114,Confirmed Contributor
"Cambridge, Waterloo Regional Municipality, Ontario, Canada",2,43.39724,-80.36107,Confirmed Contributor
"Orangeville, Dufferin County, Ontario, Canada",1,43.90864,-80.09138,Confirmed Contributor
"Patterson, Stanislaus County, California, United States",1,37.46866,-121.12651,Confirmed Contributor
"Alameda, California, United States",1,37.76534,-122.24187,Confirmed Contributor
"Hlavní město Praha, Hlavní město Praha, Czechia",1,50.08781,14.42046,Confirmed Contributor
"Los Angeles, Los Angeles County, California, United States",4,34.05224,-118.24334,Confirmed Contributor
"Épernay, Marne, Grand Est, France",1,49.03415,3.95742,Confirmed Contributor
"Boulder, Boulder County, Colorado, United States",2,40.23228,-105.18139,Confirmed Contributor
"Delta, British Columbia, Canada",1,49.09021,-123.06527,Confirmed Contributor
"Port Elizabeth, Port Elizabeth, Eastern Cape, South Africa",1,-33.96076,25.62064,Confirmed Contributor
"Kitchener, Waterloo Regional Municipality, Ontario, Canada",9,43.44296,-80.54565,Confirmed Contributor
"Hamilton, Hamilton Division, Ontario, Canada",2,43.24998,-79.80206,Confirmed Contributor
"Detmold, Lippe, Detmold, Nordrhein-Westfalen, Germany",1,51.9354,8.87384,Confirmed Contributor
"Fresno, Fresno County, California, United States",1,37.29186,-118.85786,Confirmed Contributor
"Richmond, Greater Vancouver, British Columbia, Canada",1,49.30298,-123.03115,Confirmed Contributor
"Ardud, România",1,47.64403,22.89128,Confirmed Contributor
"Hamburg, Hamburg, Germany",3,53.55384,9.99165,Confirmed Contributor
"Greater London, England, United Kingdom",11,51.50015,-0.12624,Confirmed Contributor
"Helsingfors, Finland",1,60.16981,24.93813,Confirmed Contributor
"Helsinki, Finland",2,60.16981,24.93813,Confirmed Contributor
"Banff, Division No. 15, Alberta, Canada",1,51.17851,-115.57428,Confirmed Contributor
"Fostoria, Seneca County, Ohio, United States",1,41.2546,-83.37685,Confirmed Contributor
"Long Beach, California, United States",1,33.77171,-118.18131,Confirmed Contributor
"Yalı, Karşıyaka, İzmir, Turkey",2,38.85459,27.03622,Confirmed Contributor
"Cusset, Allier, Auvergne-Rhône-Alpes, France",1,46.13247,3.45591,Confirmed Contributor
"Elmira, Chemung County, New York, United States",1,42.07729,-76.72778,Confirmed Contributor
"Austin, Travis County, Texas, United States",6,30.13043,-97.77991,Confirmed Contributor
"Olathe, Johnson County, Kansas, United States",3,38.88353,-94.81824,Confirmed Contributor
"Redwood City, San Mateo County, California, United States",3,37.48478,-122.22815,Confirmed Contributor
"Palo Alto, Santa Clara County, California, United States",3,37.4451,-122.16036,Confirmed Contributor
"Stanford, Santa Clara County, California, United States",3,37.41048,-122.15258,Confirmed Contributor
"Bronx County, New York, United States",2,40.85779,-73.84392,Confirmed Contributor
"Xianyang, Shaanxi, China",1,34.3475,108.71278,Confirmed Contributor
"Bursa, Türkiye",3,40.18578,29.05666,Confirmed Contributor
"Victoria, Esquimalt, Capital, British Columbia, Canada",1,48.42959,-123.40685,Confirmed Contributor
"Charlotte, North Carolina, United States",1,35.22379,-80.84114,Confirmed Contributor
"Zirndorf, Fürth, Mittelfranken, Bayern, Germany",1,49.44196,10.9546,Confirmed Contributor
"Coffeyville, Montgomery County, Kansas, United States",1,37.00833,-95.71027,Confirmed Contributor
"Moscow Oblast, Russia",1,55.60678,38.92315,Confirmed Contributor
"Suelli, Italia",1,39.56223,9.13213,Confirmed Contributor
"Columbus, Franklin County, Ohio, United States",1,39.85345,-83.02816,Confirmed Contributor
"Milford, Clermont County, Ohio, United States",1,39.17728,-84.28421,Confirmed Contributor
"Pingtung County, Taiwan",1,22.68329,120.48798,Confirmed Contributor
"Charlottesville, Virginia, United States",1,38.03105,-78.47416,Confirmed Contributor
"Landéda, Finistère, Bretagne, France",1,48.58697,-4.57255,Confirmed Contributor
"Montecchio Maggiore, Provincia di Vicenza, Veneto, Italy",1,45.50339,11.42851,Confirmed Contributor
"Cleveland, Cuyahoga County, Ohio, United States",1,41.50555,-81.6915,Confirmed Contributor
"San Francisco, San Francisco County, California, United States",11,37.78008,-122.42016,Confirmed Contributor
"Bloomington, McLean County, Illinois, United States",1,40.48466,-89.02627,Confirmed Contributor
"New Delhi, East Delhi, Delhi, India",2,28.63243,77.21879,Confirmed Contributor
"Newark, Essex County, New Jersey, United States",1,40.71066,-74.21491,Confirmed Contributor
"Kings County, New York, United States",3,41.12517,-73.99738,Confirmed Contributor
"Potęgowo, słupski, pomorskie, Poland",1,54.49122,17.48519,Confirmed Contributor
"Flörsheim am Main, Main-Taunus-Kreis, Darmstadt, Hessen, Germany",1,50.01438,8.43135,Confirmed Contributor
"Berlin, Berlin, Germany",19,52.52343,13.41144,Confirmed Contributor
"Philadelphia, Philadelphia County, Pennsylvania, United States",2,39.95106,-75.16562,Confirmed Contributor
"Marseille, Bouches-du-Rhône, Provence-Alpes-Côte d'Azur, France",1,43.29502,5.37449,Confirmed Contributor
"Montauban, Tarn-et-Garonne, Occitanie, France",1,44.01722,1.35863,Confirmed Contributor
"Leuven, Vlaams-Brabant, Vlaanderen, Belgium",1,50.87983,4.70054,Confirmed Contributor
"Madrid, Madrid, Comunidad de Madrid, Spain",4,40.41669,-3.70034,Confirmed Contributor
"Vaughan, Regional Municipality of York, Ontario, Canada",1,43.79859,-79.62803,Confirmed Contributor
"Seongnam-si, Gyeonggi-do, South Korea",3,37.44056,127.13583,Confirmed Contributor
"Gorod Novocherkassk, Rostov Oblast, Russia",1,47.41174,40.10047,Confirmed Contributor
"Wien, Wien, Austria",4,48.20921,16.37278,Confirmed Contributor
"Calabasas, Los Angeles County, California, United States",1,34.11253,-118.69141,Confirmed Contributor
"Cincinnati, Hamilton County, Ohio, United States",1,39.21105,-84.48463,Confirmed Contributor
"Wellington, Wellington, New Zealand",2,-41.2851,174.776,Confirmed Contributor
"Washington, District of Columbia, United States",2,38.89206,-77.01991,Confirmed Contributor
"Nantes, Loire-Atlantique, Pays de la Loire, France",1,47.21826,-1.55718,Confirmed Contributor
"Moers, Wesel, Düsseldorf, Nordrhein-Westfalen, Germany",1,51.45305,6.62175,Confirmed Contributor
"Fontaine, Isère, Auvergne-Rhône-Alpes, France",1,45.18922,5.69371,Confirmed Contributor
"Argenteuil, Val-d'Oise, Île-de-France, France",2,48.94428,2.25095,Confirmed Contributor
"Láng Hạ, Đống Đa, Hà Nội, Vietnam",1,21.02015,105.83098,Confirmed Contributor
"Greater Manchester, England, United Kingdom",1,53.48071,-2.23438,Confirmed Contributor
"New York, New York County, New York, United States",7,40.71305,-74.00723,Confirmed Contributor
"Seattle, King County, Washington, United States",5,47.53658,-122.30328,Confirmed Contributor
"Quận 1, Hồ Chí Minh, Vietnam",1,10.76117,106.64217,Confirmed Contributor
"Bellevue, King County, Washington, United States",2,47.6137,-122.19093,Confirmed Contributor
"Las Condes, Las Condes, Santiago, Región Metropolitana, Chile",1,-33.41443,-70.55703,Confirmed Contributor
"Bình Thạnh, Hồ Chí Minh, Vietnam",1,10.80272,106.69667,Confirmed Contributor
"Amsterdam, Amsterdam, Noord-Holland, Netherlands",4,52.37317,4.89066,Confirmed Contributor
"Warszawa, Warszawa, mazowieckie, Poland",3,52.23498,21.00849,Confirmed Contributor
"Santa Clara, Santa Clara County, California, United States",2,37.35239,-121.95308,Confirmed Contributor
"Pisa, Pisa, Provincia di Pisa, Toscana, Italy",1,43.66792,10.27539,Confirmed Contributor
"Newmarket, Regional Municipality of York, Ontario, Canada",2,43.90342,-79.37481,Confirmed Contributor
"Mérida, Yucatán, Mexico",1,20.96778,-89.62426,Confirmed Contributor
"Lier, Antwerpen, Vlaanderen, Belgium",1,51.13014,4.5736,Confirmed Contributor
"Kyoto, Kyoto, Japan",1,35.03194,135.74805,Confirmed Contributor
"Ede, Ede, Gelderland, Netherlands",2,52.04166,5.66881,Confirmed Contributor
"Hengelo, Hengelo, Overijssel, Netherlands",1,52.2626,6.79108,Confirmed Contributor
"Pretoria, City of Tshwane Metropolitan Municipality, Gauteng, South Africa",1,-25.74602,28.18712,Confirmed Contributor
"Nice, Alpes-Maritimes, Provence-Alpes-Côte d'Azur, France",1,43.70343,7.26627,Confirmed Contributor
"Manchester, Bennington County, Vermont, United States",1,43.17885,-73.04835,Confirmed Contributor
"Waterloo, Waterloo Regional Municipality, Ontario, Canada",6,43.39777,-80.70322,Confirmed Contributor
"Redbank Plains, City of Ipswich, Queensland, Australia",1,-27.64638,152.86923,Confirmed Contributor
"Puginate, Bregnano, Provincia di Como, Lombardia, Italy",1,45.71276,9.05566,Confirmed Contributor
"Le Bouscat, Gironde, Nouvelle-Aquitaine, France",1,44.86549,-0.60028,Confirmed Contributor
"Brazil",1,-15.77938,-47.92574,Confirmed Contributor
"Woubrugge, Kaag en Braassem, Zuid-Holland, Netherlands",1,52.16745,4.63636,Confirmed Contributor
"Long Beach, Los Angeles County, California, United States",1,33.77171,-118.18131,Confirmed Contributor
"Worcestershire, England, United Kingdom",1,52.19204,-2.22353,Confirmed Contributor
"São Paulo, São Paulo, Brazil",6,-23.54867,-46.63825,Confirmed Contributor
"Kiel, Schleswig-Holstein, Germany",1,54.3227,10.13593,Confirmed Contributor
"Budapest, Hungary",2,47.49814,19.04055,Confirmed Contributor
"St. Petersburg, Pinellas County, Florida, United States",1,27.87057,-82.67203,Confirmed Contributor
"Singapore, Singapore",4,1.28944,103.84998,Confirmed Contributor
"Leinfelden-Echterdingen, Landkreis Esslingen, Stuttgart, Baden-Württemberg, Germany",1,48.69088,9.16739,Confirmed Contributor
"Ba Đình, Hà Nội, Vietnam",1,21.03403,105.81426,Confirmed Contributor
"Strasbourg, Bas-Rhin, Grand Est, France",3,48.58295,7.74375,Confirmed Contributor
"นครราชสีมา, ประเทศไทย",1,14.97238,102.0994,Confirmed Contributor
"Prineville, Crook County, Oregon, United States",1,44.30204,-120.84712,Confirmed Contributor
"New Holland, East Earl Township, Lancaster County, Pennsylvania, United States",1,40.1082,-76.05594,Confirmed Contributor
"McLean, Providence, Fairfax County, Virginia, United States",1,38.9395,-77.18909,Confirmed Contributor
"Columbia, Monroe County, Illinois, United States",1,38.42178,-90.24195,Confirmed Contributor
"Tournefeuille, Haute-Garonne, Occitanie, France",1,43.58683,1.31967,Confirmed Contributor
"Montréal, Communauté-Urbaine-de-Montréal, Québec, Canada",3,46.76099,-71.28821,Confirmed Contributor
"Brno-město, Jihomoravský kraj, Czechia",2,49.19205,16.61319,Confirmed Contributor
"Boulogne-Billancourt, Hauts-de-Seine, Île-de-France, France",1,48.83383,2.24323,Confirmed Contributor
"Kuching, Sarawak, Malaysia",1,1.55356,110.33898,Confirmed Contributor
"Pittsburgh, Allegheny County, Pennsylvania, United States",2,40.44217,-79.99496,Confirmed Contributor
"Fort Worth, Tarrant County, Texas, United States",1,32.92416,-97.4119,Confirmed Contributor
"Rosemère, Thérèse-De Blainville, Québec, Canada",1,45.65276,-73.79606,Confirmed Contributor
"Levallois-Perret, Hauts-de-Seine, Île-de-France, France",1,48.89434,2.28834,Confirmed Contributor
"Biasca, Svizzera",1,46.36,8.9708,Confirmed Contributor
"Funabashi, Chiba, Japan",1,35.6906,140.00148,Confirmed Contributor
"Poznań, Poznań, wielkopolskie, Poland",1,52.40019,16.92755,Confirmed Contributor
"Bengaluru, Bangalore Urban, Karnataka, India",20,12.97675,77.57528,Confirmed Contributor
"Frontignan, Hérault, Occitanie, France",1,43.44688,3.75382,Confirmed Contributor
"Blainville, Thérèse-De Blainville, Québec, Canada",1,45.65141,-73.80053,Confirmed Contributor
"Arujá, Brasil",1,-23.39667,-46.32152,Confirmed Contributor
"Ukraine",2,50.44773,30.54272,Confirmed Contributor
"Minato City, Tōkyō-to, Japan",2,35.21563,139.88196,Confirmed Contributor
"Västra Götalands län, Sweden",1,59.64691,12.74671,Confirmed Contributor
"Hannover, Region Hannover, Niedersachsen, Germany",1,52.37207,9.73569,Confirmed Contributor
"Kremenchuk, Kremenchuts'ka city council, Poltavs'ka oblast, Ukraine",1,53.68053,23.83755,Confirmed Contributor
"Setagaya City, Tokyo, Japan",1,35.68696,139.74946,Confirmed Contributor
"Esbo, Finland",1,60.20524,24.65408,Confirmed Contributor
"Ploërmel, Morbihan, Bretagne, France",1,47.93177,-2.39873,Confirmed Contributor
"Vancouver, Greater Vancouver A, Greater Vancouver, British Columbia, Canada",3,49.26357,-123.13857,Confirmed Contributor
"Erlangen, Mittelfranken, Bayern, Germany",1,49.59994,11.0063,Confirmed Contributor
"Arlington, Arlington County, Virginia, United States",1,38.86516,-77.25495,Confirmed Contributor
"Moggill, Brisbane City, Queensland, Australia",1,-27.56946,152.87712,Confirmed Contributor
"Lucknow, Lucknow, Uttar Pradesh, India",1,26.868,80.7876,Confirmed Contributor
"Schorndorf, Rems-Murr-Kreis, Stuttgart, Baden-Württemberg, Germany",1,48.80349,9.52598,Confirmed Contributor
"Karlsruhe, Karlsruhe, Baden-Württemberg, Germany",2,49.00809,8.40376,Confirmed Contributor
"Etterbeek, Brussels Hoofdstedelijk Gewest, Belgium",1,50.83667,4.38693,Confirmed Contributor
"Osnabrück, Niedersachsen, Germany",1,52.26728,8.05319,Confirmed Contributor
"Tacoma, Pierce County, Washington, United States",1,47.25308,-122.44153,Confirmed Contributor
"Lyon, Rhône, Auvergne-Rhône-Alpes, France",4,45.76731,4.83431,Confirmed Contributor
"Wayne, Passaic County, New Jersey, United States",1,40.96043,-74.24067,Confirmed Contributor
"Darmstadt, Darmstadt, Hessen, Germany",1,49.87236,8.6509,Confirmed Contributor
"Bruchsal, Karlsruhe, Karlsruhe, Baden-Württemberg, Germany",1,49.1258,8.59768,Confirmed Contributor
"Seoul, South Korea",3,37.56829,126.99778,Confirmed Contributor
"Weiden in der Oberpfalz, Neustadt a.d.Waldnaab, Oberpfalz, Bayern, Germany",1,49.75274,11.82578,Confirmed Contributor
"Alamo Heights, Bexar County, Texas, United States",1,29.48347,-98.46648,Confirmed Contributor
"Porte des Pierres Dorées, Rhône, Auvergne-Rhône-Alpes, France",1,45.95807,4.64644,Confirmed Contributor
"Datchet, Windsor and Maidenhead, England, United Kingdom",1,51.48394,-0.57857,Confirmed Contributor
"Zografou, Kentrikos Tomeas Athinon, Greece",1,37.98339,23.71565,Confirmed Contributor
"Charleston, Charleston County, South Carolina, United States",1,32.77647,-79.93103,Confirmed Contributor
"Bartlesville, Washington County, Oklahoma, United States",1,36.73435,-96.01792,Confirmed Contributor
"Virginia Beach, Virginia, United States",1,36.84513,-75.97544,Confirmed Contributor
"Guénin, Morbihan, Bretagne, France",1,47.90726,-2.98098,Confirmed Contributor
"Tecumseh, Lenawee County, Michigan, United States",1,42.00407,-83.94521,Confirmed Contributor
"Juprelle, Liège, Wallonie, Belgium",1,50.71151,5.52762,Confirmed Contributor
"College Station, Brazos County, Texas, United States",1,30.61478,-96.36677,Confirmed Contributor
"Grenoble, Isère, Auvergne-Rhône-Alpes, France",1,45.19426,5.73167,Confirmed Contributor
"South Yorkshire, England, United Kingdom",2,53.38306,-1.46479,Confirmed Contributor
"Malden, Heumen, Gelderland, Netherlands",1,51.7804,5.85371,Confirmed Contributor
"San Mateo, San Mateo County, California, United States",3,37.54715,-122.3144,Confirmed Contributor
"Upland, San Bernardino County, California, United States",1,34.09974,-117.6503,Confirmed Contributor
"Los Gatos, Santa Clara County, California, United States",1,37.22134,-121.97964,Confirmed Contributor
"Sacramento, Sacramento County, California, United States",2,38.57694,-121.49495,Confirmed Contributor
"Thompson, Windham County, Connecticut, United States",1,41.94321,-71.86535,Confirmed Contributor
"Windsor Locks, Hartford County, Connecticut, United States",1,41.92495,-72.62718,Confirmed Contributor
"Raleigh, Raleigh, Wake County, North Carolina, United States",1,35.80156,-78.68637,Confirmed Contributor
"Eindhoven, Eindhoven, Noord-Brabant, Netherlands",1,51.4366,5.478,Confirmed Contributor
"Oullins, Rhône, Auvergne-Rhône-Alpes, France",1,45.71355,4.80537,Confirmed Contributor
"Wiesbaden, Darmstadt, Hessen, Germany",1,50.08431,8.23873,Confirmed Contributor
"Zeist, Zeist, Utrecht, Netherlands",1,52.08205,5.23872,Confirmed Contributor
"Köln, Köln, Nordrhein-Westfalen, Germany",2,50.94053,6.9599,Confirmed Contributor
"Durango, La Plata County, Colorado, United States",1,37.24999,-107.87504,Confirmed Contributor
"Bahawalpur, Bahawalpur, Bahawalpur, Punjab, Pakistan",1,29.38998,71.67499,Confirmed Contributor
"Lisboa, Lisboa, Portugal",2,38.70701,-9.13564,Confirmed Contributor
"Codroipo, Codroipo, Provincia di Udine, Friuli-Venezia Giulia, Italy",1,45.94671,13.02374,Confirmed Contributor
"Las Vegas, Clark County, Nevada, United States",3,36.16909,-115.14058,Confirmed Contributor
"Cranston, Providence County, Rhode Island, United States",1,41.77896,-71.43581,Confirmed Contributor
"Wietmarschen, Grafschaft Bentheim, Niedersachsen, Germany",1,52.51966,7.13254,Confirmed Contributor
"Edinburgh, Scotland, United Kingdom",1,55.95019,-3.18755,Confirmed Contributor
"Regional District of Bulkley-Nechako, British Columbia, Canada",1,55.73766,-120.3022,Confirmed Contributor
"Mobile, Mobile County, Alabama, United States",1,31.76783,-86.65729,Confirmed Contributor
"Münster, Münster, Nordrhein-Westfalen, Germany",2,51.96471,7.6285,Confirmed Contributor
"Beijing Shi, China",3,39.93084,116.38634,Confirmed Contributor
"Göteborg, Sverige",1,57.69699,11.9865,Confirmed Contributor
"Herndon, Hunter Mill, Fairfax County, Virginia, United States",1,38.91395,-77.37891,Confirmed Contributor
"Prague, Hlavní město Praha, Prague, Czechia",1,50.08781,14.42046,Confirmed Contributor
"Belo Horizonte, Minas Gerais, Brazil",1,-19.91818,-43.93705,Confirmed Contributor
"Shenzhen, Guangdong Province, China",2,23.34963,113.42132,Confirmed Contributor
"Zlín, Zlín, Zlínský kraj, Czechia",1,49.22686,17.66896,Confirmed Contributor
"Bogotá, Bogotá, Colombia",1,4.60688,-74.07184,Confirmed Contributor
"Lübeck, Schleswig-Holstein, Germany",1,53.86962,10.68759,Confirmed Contributor
"Johannesburg, City of Johannesburg Metropolitan Municipality, Gauteng, South Africa",1,-26.20145,28.04549,Confirmed Contributor
"Cottonwood Heights, Utah, United States",1,40.61631,-111.81052,Confirmed Contributor
"Epsom, Surrey, England, United Kingdom",1,51.33073,-0.27006,Confirmed Contributor
"Portland, Multnomah County, Oregon, United States",3,45.48466,-122.54193,Confirmed Contributor
"Compiègne, Oise, Hauts-de-France, France",1,49.41577,2.82248,Confirmed Contributor
"Edmond, Oklahoma County, Oklahoma, United States",1,35.69124,-97.67401,Confirmed Contributor
"Liederbach am Taunus, Main-Taunus-Kreis, Darmstadt, Hessen, Germany",1,50.11705,8.49726,Confirmed Contributor
"Indianapolis, Washington Township, Marion County, Indiana, United States",1,39.91193,-86.20295,Confirmed Contributor
"Ternopil, Ternopil's'ka city council, Ternopil's'ka oblast, Ukraine",1,49.56064,25.59867,Confirmed Contributor
"Mamer, Capellen, District de Luxembourg, Luxembourg",1,49.62059,5.98243,Confirmed Contributor
"São Carlos, São Paulo, Brazil",1,-22.01672,-47.89197,Confirmed Contributor
"New Taipei City, Taiwan",1,25.01171,121.46588,Confirmed Contributor
"Bochum, Arnsberg, Nordrhein-Westfalen, Germany",2,51.46391,7.93233,Confirmed Contributor
"Paducah, McCracken County, Kentucky, United States",1,36.94662,-88.76519,Confirmed Contributor
"Oxfordshire, England, United Kingdom",2,51.75374,-1.26346,Confirmed Contributor
"Utrecht, Utrecht, Utrecht, Netherlands",1,52.09126,5.12275,Confirmed Contributor
"Fowlerton, Cotulla, Texas, United States",1,28.4534,-98.8386,Confirmed Contributor
"Orem, Utah County, Utah, United States",1,40.29687,-111.6945,Confirmed Contributor
"Cremlingen, Wolfenbüttel, Niedersachsen, Germany",1,52.24835,10.65505,Confirmed Contributor
"Naperville, Lisle Township, DuPage County, Illinois, United States",1,41.81501,-88.11363,Confirmed Contributor
"Meishan Shi, Sichuan Sheng, China",1,30.05031,103.83243,Confirmed Contributor
"Madison, Dane County, Wisconsin, United States",2,43.16543,-89.07594,Confirmed Contributor
"Milton, Cambridgeshire, England, United Kingdom",2,52.24345,0.16152,Confirmed Contributor
"Tartu, Tartu maakond, Estonia",1,58.3895,26.70383,Confirmed Contributor
"Zürich, Zürich, Zürich, Switzerland",4,47.36902,8.53803,Confirmed Contributor
"Somerville, Middlesex County, Massachusetts, United States",1,42.38912,-71.09715,Confirmed Contributor
"Oldenburg, Niedersachsen, Germany",1,53.13672,8.21654,Confirmed Contributor
"Kalady, Ernakulam, Kerala, India",1,10.17243,76.44567,Confirmed Contributor
"Newtown, Greater Geelong City, Victoria, Australia",1,-38.15571,144.34596,Confirmed Contributor
"Jamnagar, India",1,22.47014,70.05771,Confirmed Contributor
"Hong Kong, Hong Kong SAR",1,22.28215,114.15689,Confirmed Contributor
"Affieux, Corrèze, Nouvelle-Aquitaine, France",1,45.51984,1.76458,Confirmed Contributor
"Riverside, Riverside County, California, United States",1,33.74307,-116.72435,Confirmed Contributor
"Gentilly, Val-de-Marne, Île-de-France, France",1,48.81492,2.34889,Confirmed Contributor
"Guadalajara, Guadalajara, Castilla-La Mancha, Spain",1,40.63008,-3.16608,Confirmed Contributor
"Toulouse, Haute-Garonne, Occitanie, France",1,43.60395,1.44451,Confirmed Contributor
"Kladno, Kladno, Středočeský kraj, Czechia",1,50.14702,14.10327,Confirmed Contributor
"Sunset House, Alberta, Canada",1,55.11144,-116.89938,Confirmed Contributor
"Reno, Washoe County, Nevada, United States",1,39.5269,-119.81328,Confirmed Contributor
"Delft, Delft, Zuid-Holland, Netherlands",5,52.0119,4.36026,Confirmed Contributor
"Pacifica, San Mateo County, California, United States",1,37.60897,-122.49561,Confirmed Contributor
"Nagareyama, Chiba, Japan",1,35.85149,139.89662,Confirmed Contributor
"Melbourne, Melbourne City, Victoria, Australia",1,-37.81534,144.96323,Confirmed Contributor
"Ufa, Ufimsky District, Republic of Bashkortostan, Russia",1,54.77346,56.03475,Confirmed Contributor
"Antananarivo, Antananarivo-Atsimondrano, Antananarivo Province, Madagascar",2,-19.02414,47.45138,Confirmed Contributor
"Vallejo, Solano County, California, United States",1,38.10109,-122.25496,Confirmed Contributor
"Kassel, Kassel, Hessen, Germany",1,51.31873,9.49463,Confirmed Contributor
"Richmond, Virginia, United States",1,37.54076,-77.43393,Confirmed Contributor
"Saint-Félix-Lauragais, Haute-Garonne, Occitanie, France",1,43.44954,1.88522,Confirmed Contributor
"Montastruc-la-Conseillère, Haute-Garonne, Occitanie, France",1,43.7185,1.59011,Confirmed Contributor
"Queens County, New York, United States",1,42.83932,-78.73144,Confirmed Contributor
"Burlington, Regional Municipality of Halton, Ontario, Canada",1,43.42105,-79.79209,Confirmed Contributor
"South Korea",1,37.56829,126.99778,Confirmed Contributor
"Elk Falls, Elk County, Kansas, United States",1,37.3746,-96.19089,Confirmed Contributor
"Pune, Pune, Maharashtra, India",2,18.5289,73.87435,Confirmed Contributor
"Castro Valley, Alameda County, California, United States",1,37.69855,-122.07396,Confirmed Contributor
"Rosengarten, Harburg, Niedersachsen, Germany",1,53.38425,9.89136,Confirmed Contributor
"Chernivtsi, Chernivitsi, Chernivets'ka oblast, Ukraine",1,48.31963,25.94148,Confirmed Contributor
"Edmonton, Division No. 11, Alberta, Canada",2,53.42228,-113.51986,Confirmed Contributor
"Chigasaki, Kanagawa, Japan",1,35.33287,139.45041,Confirmed Contributor
"Calgary, Division No. 6, Alberta, Canada",3,50.91573,-113.98737,Confirmed Contributor
"Raipur, Raipur, Chhattisgarh, India",1,21.24553,81.64212,Confirmed Contributor
"West Springfield, Springfield, Fairfax County, Virginia, United States",1,38.78186,-77.22996,Confirmed Contributor
"Dresden, Dresden, Sachsen, Germany",2,51.05099,13.73363,Confirmed Contributor
"Guelph, Wellington County, Ontario, Canada",1,43.5076,-80.30829,Confirmed Contributor
"Pedreguer, Dénia, Alcalalí, Gata de Gorgos, Ondara, España",1,38.78143,0.05134,Confirmed Contributor
"Orange Park, Clay County, Florida, United States",1,30.16923,-81.7067,Confirmed Contributor
"Kolomyya, Kolomyis'ka city council, Ivano-Frankivsk Oblast, Ukraine",1,48.5374,25.0296,Confirmed Contributor
"Moskva, Mar'ino, Moskva, Russia",1,55.64854,37.74437,Confirmed Contributor
"Thurmont, 15, Thurmont, Frederick County, Maryland, United States",1,39.61395,-77.41838,Confirmed Contributor
"Nicholasville, Jessamine County, Kentucky, United States",1,37.88037,-84.57302,Confirmed Contributor
"London, Middlesex County, Ontario, Canada",2,43.00929,-81.27182,Confirmed Contributor
"Williamsburg, Roberts, James City County, Virginia, United States",1,37.27082,-76.68878,Confirmed Contributor
"Wrocław, Wrocław, Województwo dolnośląskie, Poland",1,51.11055,17.02556,Confirmed Contributor
"Skudai, Johor, Malaysia",1,1.53677,103.66139,Confirmed Contributor
"West Covina, Los Angeles County, California, United States",1,34.08273,-117.93148,Confirmed Contributor
"New Haven, Connecticut, United States",1,41.30825,-72.92416,Confirmed Contributor
"Henderson, Clark County, Nevada, United States",1,36.0341,-114.98446,Confirmed Contributor
"Avelin, Nord, Hauts-de-France, France",1,50.53778,3.08086,Confirmed Contributor
"Greenwood, White River Township, Johnson County, Indiana, United States",1,39.62417,-86.15851,Confirmed Contributor
"Aptos, Santa Cruz County, California, United States",1,36.97989,-121.90845,Confirmed Contributor
"Oslo kommune, Oslo, Norway",1,59.91382,10.73874,Confirmed Contributor
"Meridian, Ada County, Idaho, United States",1,43.61012,-116.39157,Confirmed Contributor
"Rome, Oneida County, New York, United States",1,43.19964,-75.37321,Confirmed Contributor
"İstanbul, Türkiye",1,41.013,28.9748,Confirmed Contributor
"Lewiston, Lewiston, Niagara County, New York, United States",8,43.18613,-79.04657,Confirmed Contributor
"La Garenne-Colombes, Hauts-de-Seine, Île-de-France, France",1,48.90996,2.2463,Confirmed Contributor
"Ahmedabad, Ahmedabad, Gujarat, India",2,23.01451,72.59176,Confirmed Contributor
"Shinagawa City, Tokyo, Japan",1,35.68696,139.74946,Confirmed Contributor
"Stuttgart, Stuttgart, Baden-Württemberg, Germany",2,48.77711,9.18077,Confirmed Contributor
"Tel Aviv-Yafo, Tel Aviv District, Israel",1,32.07358,34.78805,Confirmed Contributor
"Westfield, Westfield Washington Township, Hamilton County, Indiana, United States",1,40.02777,-86.24116,Confirmed Contributor
"Northbridge, Worcester County, Massachusetts, United States",1,42.14102,-71.64268,Confirmed Contributor
"Canastota, Sullivan, Madison County, New York, United States",1,43.08264,-75.82338,Confirmed Contributor
"Superior, Boulder County, Colorado, United States",1,39.94032,-105.139,Confirmed Contributor
"Lille, Nord, Hauts-de-France, France",1,50.63129,3.06275,Confirmed Contributor
"San Jose, Santa Clara County, California, United States",3,37.33479,-121.88814,Confirmed Contributor
"Genève, Genève, Genève, Switzerland",1,46.20381,6.13997,Confirmed Contributor
"Holmen, Onalaska, La Crosse County, Wisconsin, United States",1,43.95527,-91.26088,Confirmed Contributor
"Green Fields, City of Salisbury, South Australia, Australia",1,-34.79848,138.60903,Confirmed Contributor
"xin bei shi, tai wan",1,25.01171,121.46588,Confirmed Contributor
"Kent, England, United Kingdom",1,51.27034,0.52384,Confirmed Contributor
"Ober-Olm, Mainz-Bingen, Rheinland-Pfalz, Germany",1,49.9376,8.19096,Confirmed Contributor
"Saint-Jean-de-Gonville, Ain, Auvergne-Rhône-Alpes, France",1,46.21185,5.95099,Confirmed Contributor
"Ciecierzyn, lubelski, lubelskie, Poland",1,51.31991,22.61011,Confirmed Contributor
"Petaluma, Sonoma County, California, United States",1,38.24518,-122.50748,Confirmed Contributor
"Westport, Fairfield County, Connecticut, United States",1,41.14044,-73.35318,Confirmed Contributor
"Naaldwijk, Westland, Zuid-Holland, Netherlands",1,51.99249,4.20763,Confirmed Contributor
"Sequim, Clallam County, Washington, United States",1,48.07784,-123.10768,Confirmed Contributor
"Norwalk, Huron County, Ohio, United States",1,41.22861,-82.62603,Confirmed Contributor
"Belarus",1,53.89769,27.54942,Confirmed Contributor
"Minneapolis, Hennepin County, Minnesota, United States",1,44.99146,-93.22486,Confirmed Contributor
"Bainbridge Island, Kitsap County, Washington, United States",1,47.64309,-122.5274,Confirmed Contributor
"Oulu, Finland",1,65.01265,25.47139,Confirmed Contributor
"Waxhaw, Sandy Ridge, Union County, North Carolina, United States",1,34.9365,-80.67247,Confirmed Contributor
"Broadlands, Dulles, Loudoun County, Virginia, United States",1,39.03015,-77.51469,Confirmed Contributor
"Houston, Harris County, Texas, United States",1,29.81605,-95.23767,Confirmed Contributor
"Dublin, Alameda County, California, United States",1,37.71008,-121.927,Confirmed Contributor
"Peterborough, Peterborough County, Ontario, Canada",1,44.3253,-78.2857,Confirmed Contributor
"Kearny, Hudson County, New Jersey, United States",1,40.74708,-74.10712,Confirmed Contributor
"Armação de Pêra, Faro, Portugal",1,37.10329,-8.36184,Confirmed Contributor
"India",1,28.63243,77.21879,Confirmed Contributor
"Kemerovo Oblast, Russia",1,55.40312,86.03689,Confirmed Contributor
"Doylestown, Bucks County, Pennsylvania, United States",1,40.33585,-75.16663,Confirmed Contributor
"Saint Joseph, Missouri, United States",1,39.76819,-94.84816,Confirmed Contributor
"Thessaloniki, Thessaloniki, Greece",1,40.63478,22.94309,Confirmed Contributor
"Espoo, Finland",1,60.20524,24.65408,Confirmed Contributor
"Gurugram, Gurgaon, Haryana, India",2,28.53498,77.00536,Confirmed Contributor
"Reading, England, United Kingdom",1,51.45504,-0.96909,Confirmed Contributor
"Antelope, Sacramento County, California, United States",1,38.70938,-121.33065,Confirmed Contributor
"Uppsala län, Sweden",1,59.85813,17.64462,Confirmed Contributor
"Los Alamos, Los Alamos County, New Mexico, United States",1,35.88194,-106.30772,Confirmed Contributor
"Milpitas, Santa Clara County, California, United States",1,37.45341,-121.85982,Confirmed Contributor
"Fawn Creek Township, Battalgazi, Malatya,",1,35.98194,-77.73682,Confirmed Contributor
"Dehradun, Dehradun, Uttarakhand, India",1,30.3163,78.03298,Confirmed Contributor
"Brunswick, Glynn County, Georgia, United States",1,31.17437,-81.50419,Confirmed Contributor
"Moskva, Cheremushki, Moskva, Russia",1,55.66785,37.56324,Confirmed Contributor
"Orsay, Essonne, Île-de-France, France",1,48.69901,2.18786,Confirmed Contributor
"Miramar, Broward County, Florida, United States",1,25.97234,-80.22018,Confirmed Contributor
"Surry Hills, Council of the City of Sydney, New South Wales, Australia",1,-33.83417,151.0552,Confirmed Contributor
"Bayangol, Ulaanbaatar, Mongolia",1,40.32255,106.99712,Confirmed Contributor
"Frankfurt am Main, Darmstadt, Hessen, Germany",1,50.11088,8.67949,Confirmed Contributor
"Raleigh, Neuse, Wake County, North Carolina, United States",1,35.89336,-78.51312,Confirmed Contributor
"Wanaparthy, Mahabubnagar, Telangana, India",1,16.77388,78.13584,Confirmed Contributor
"Reggio Emilia, Reggio nell'Emilia, Provincia di Reggio Emilia, Emilia-Romagna, Italy",1,44.69624,10.6279,Confirmed Contributor
"Jamui, Jamui, Bihar, India",1,24.9294,86.2274,Confirmed Contributor
"Bozeman, Gallatin County, Montana, United States",1,45.66822,-111.04469,Confirmed Contributor
"Leipzig, Leipzig, Sachsen, Germany",2,51.33969,12.37136,Confirmed Contributor
"Bolbec, Seine-Maritime, Normandie, France",1,49.57168,0.47076,Confirmed Contributor
"Vancouver, Greater Vancouver, British Columbia, Canada",1,49.26357,-123.13857,Confirmed Contributor
"นนทบุรี, ประเทศไทย",1,13.86281,100.51451,Confirmed Contributor
"Sahibzada Ajit Singh Nagar, Sahibzada Ajit Singh Nagar, Punjab, India",1,30.68015,76.72227,Confirmed Contributor
"Graz, Graz, Steiermark, Austria",1,47.06955,15.43818,Confirmed Contributor
"Indianapolis, Warren Township, Marion County, Indiana, United States",1,39.77229,-85.95232,Confirmed Contributor
"Indore, Indore, Madhya Pradesh, India",1,22.71867,75.85571,Confirmed Contributor
"London, England, United Kingdom",1,51.50015,-0.12624,Confirmed Contributor
"Gentry, Township 13, Benton County, Arkansas, United States",1,36.24509,-94.45194,Confirmed Contributor
"Saint-Ciers-sur-Bonnieure, Charente, Nouvelle-Aquitaine, France",1,45.85962,0.24363,Confirmed Contributor
"Liberty, Cherokee, Montgomery County, Kansas, United States",1,37.10851,-95.60002,Confirmed Contributor
"Suwon, Gyeonggi-do, South Korea",3,37.25973,127.00895,Confirmed Contributor
"Managua, Managua, Nicaragua",1,12.13932,-86.26096,Confirmed Contributor
"München, Oberbayern, Bayern, Germany",2,48.13913,11.58022,Confirmed Contributor
"Niedrzwica Duża, lubelski, lubelskie, Poland",1,51.11365,22.38896,Confirmed Contributor
"St. Louis, Creve Coeur Township, St. Louis County, Missouri, United States",1,38.66107,-90.42915,Confirmed Contributor
"Buffalo, Tonawanda, Erie County, New York, United States",1,43.06527,-78.77738,Confirmed Contributor
"Mid And East Antrim, Northern Ireland, United Kingdom",1,54.72862,-5.81212,Confirmed Contributor
"Bend, Deschutes County, Oregon, United States",1,43.99782,-121.39602,Confirmed Contributor
"Elk Grove Village, Elk Grove Township, Cook County, Illinois, United States",1,42.02787,-88.00209,Confirmed Contributor
"Bledzianów, Powiat ostrzeszowski, wielkopolskie, Poland",1,51.47385,17.85235,Confirmed Contributor
"Rochester Hills, Oakland County, Michigan, United States",1,42.6524,-83.13256,Confirmed Contributor
"Westlake, Cuyahoga County, Ohio, United States",1,41.45312,-81.94927,Confirmed Contributor
"Karet Semanggi, Setia Budi, Kota Jakarta Selatan, Daerah Khusus Ibukota Jakarta, Indonesia",1,-6.21615,106.82336,Confirmed Contributor
"Taoyuan City, Taiwan",1,24.9929,121.30097,Confirmed Contributor
"St. Jacobs, Woolwich, Waterloo Regional Municipality, Ontario, Canada",1,43.53965,-80.55354,Confirmed Contributor
"Batang Kali, Malaysia",1,3.43976,101.68759,Confirmed Contributor
"Kawasaki, Kanagawa, Japan",1,35.52999,139.705,Confirmed Contributor
"Saint Paul, Ramsey County, Minnesota, United States",1,44.99608,-93.02026,Confirmed Contributor
"Laumersheim, Bad Dürkheim, Rheinland-Pfalz, Germany",1,49.55309,8.23601,Confirmed Contributor
"Bishkek, Chuy Province, Kyrgyzstan",1,42.88442,74.57662,Confirmed Contributor
"Sunnyvale, Santa Clara County, California, United States",1,37.37368,-122.03657,Confirmed Contributor
"Vendargues, Hérault, Occitanie, France",1,43.65688,3.96995,Confirmed Contributor
"Tulsa, Tulsa County, Oklahoma, United States",2,36.15533,-95.99208,Confirmed Contributor
"Millbrae, San Mateo County, California, United States",1,37.60363,-122.3972,Confirmed Contributor
"Lucknow, India",1,26.868,80.7876,Confirmed Contributor
"Garching bei München, München, Oberbayern, Bayern, Germany",1,48.24883,11.65112,Confirmed Contributor
"Des Moines, Des Moines, Polk County, Iowa, United States",1,41.51189,-93.57661,Confirmed Contributor
"Krombach, Aschaffenburg, Unterfranken, Bayern, Germany",1,50.08404,9.20708,Confirmed Contributor
"Wedel, Pinneberg, Schleswig-Holstein, Germany",1,53.58369,9.69867,Confirmed Contributor
"Bellingham, Whatcom County, Washington, United States",1,48.67233,-122.41578,Confirmed Contributor
"Santo André, São Paulo, Brazil",1,-23.66673,-46.53236,Confirmed Contributor
"Retie, Antwerpen, Vlaanderen, Belgium",1,51.26734,5.08427,Confirmed Contributor
"Villa Park, Orange County, California, United States",1,33.81667,-117.81339,Confirmed Contributor
"Shlomi, Akko, North District, Israel",1,32.09356,34.82543,Confirmed Contributor
"Georgetown, Williamson County, Texas, United States",1,30.51751,-97.68505,Confirmed Contributor
"Nürnberg, Mittelfranken, Bayern, Germany",1,49.45052,11.08048,Confirmed Contributor
"Coquitlam, Greater Vancouver, British Columbia, Canada",1,49.26357,-123.13857,Confirmed Contributor
"Boise, Ada County, Idaho, United States",1,43.27207,-116.13711,Confirmed Contributor
"Cainta, Rizal, Calabarzon, Philippines",1,14.59298,121.12059,Confirmed Contributor
"Andrésy, Yvelines, Île-de-France, France",1,48.97956,2.05897,Confirmed Contributor
"Winter Park, Orange County, Florida, United States",1,28.60025,-81.33882,Confirmed Contributor
"Irbid, Irbid Qasabah District, Irbid Governorate, Jordan",1,32.5593,35.84171,Confirmed Contributor
"Chattanooga, Hamilton County, Tennessee, United States",1,34.99903,-85.09492,Confirmed Contributor
"Eagan, Dakota County, Minnesota, United States",1,44.84795,-93.13617,Confirmed Contributor
"Myrtle Beach, Horry County, South Carolina, United States",1,33.68785,-78.88385,Confirmed Contributor
"Alexandria, Virginia, United States",2,38.80466,-77.04361,Confirmed Contributor
"Tallahassee, Leon County, Florida, United States",1,30.5259,-84.01075,Confirmed Contributor
"Larkspur, Marin County, California, United States",1,37.93417,-122.53571,Confirmed Contributor
"Yokohama, Kanagawa, Japan",1,37.85694,140.61088,Confirmed Contributor
"Raleigh, Meredith, Wake County, North Carolina, United States",1,35.78898,-78.72242,Confirmed Contributor
"Old Forge, Lackawanna County, Pennsylvania, United States",1,41.36759,-75.73821,Confirmed Contributor
"Walnut Creek, Contra Costa County, California, United States",2,37.90176,-122.06192,Confirmed Contributor
"تهران, تهران, استان تهران, Iran",1,35.69876,-0.63156,Confirmed Contributor
"Nangang District, Taipei City, Taiwan",1,25.05467,121.60683,Confirmed Contributor
"Goyang-si, Gyeonggi-do, South Korea",1,37.55701,127.50591,Confirmed Contributor
"Weitersfeld an der Mur, Südoststeiermark, Steiermark, Austria",1,46.70851,15.74985,Confirmed Contributor
"Yerres, Essonne, Île-de-France, France",1,48.70798,2.48214,Confirmed Contributor
"Pawhuska, Osage County, Oklahoma, United States",1,36.75563,-96.04203,Confirmed Contributor
"Wellington, Palm Beach County, Florida, United States",1,26.67819,-80.48455,Confirmed Contributor
"Aldie, Dulles, Loudoun County, Virginia, United States",1,38.98047,-77.62155,Confirmed Contributor
"Amboasarikely, Maevatanana, Mahajanga, Madagascar",1,-15.70975,46.31655,Confirmed Contributor
"St. Louis, Missouri, United States",1,38.63536,-90.20099,Confirmed Contributor
"Florianópolis, Santa Catarina, Brazil",2,-27.59691,-48.54958,Confirmed Contributor
"Maipú, Maipú, Santiago, Región Metropolitana, Chile",1,-33.46965,-70.74718,Confirmed Contributor
"Skåne län, Sweden",1,55.61477,13.9932,Confirmed Contributor
"Mississauga, Regional Municipality of Peel, Ontario, Canada",1,43.77061,-79.97149,Confirmed Contributor
"Needham, Norfolk County, Massachusetts, United States",1,42.28094,-71.23684,Confirmed Contributor
"T'bilisi, Tbilisi, Georgia",1,41.85423,44.89356,Confirmed Contributor
"Duri Kepa, Kecamatan Kebon Jeruk, Kota Jakarta Barat, Daerah Khusus Ibukota Jakarta, Indonesia",1,-6.17554,106.77294,Confirmed Contributor
"Samara, Rossiya",1,53.20535,50.16312,Confirmed Contributor
"Hyderabad, Hyderabad, Telangana, India",2,17.36172,78.47517,Confirmed Contributor
"Castanet-Tolosan, Haute-Garonne, Occitanie, France",1,43.51643,1.49832,Confirmed Contributor
"Christchurch, Canterbury, New Zealand",1,-43.5308,172.638,Confirmed Contributor
"Boca Raton, Palm Beach County, Florida, United States",1,26.35052,-80.08983,Confirmed Contributor
"Truckee, Placer County, California, United States",1,39.2765,-120.20695,Confirmed Contributor
"Heidelberg, Karlsruhe, Baden-Württemberg, Germany",1,49.37115,8.68798,Confirmed Contributor
"Seaside, Clatsop County, Oregon, United States",1,45.79064,-123.67861,Confirmed Contributor
"Kobe, Hyogo, Japan",1,34.66513,135.22111,Confirmed Contributor
"Knoxville, Knox County, Tennessee, United States",1,35.96264,-83.91672,Confirmed Contributor
"Moskva, Sviblovo, Moskva, Russia",1,55.85609,37.65461,Confirmed Contributor
"Maringá, Paraná, Brazil",1,-23.42732,-51.93696,Confirmed Contributor
"Bogotá, Colombia",1,4.60688,-74.07184,Confirmed Contributor
"Bamberg, Oberfranken, Bayern, Germany",1,49.86403,11.16867,Confirmed Contributor
"Blumenau, Santa Catarina, Brazil",1,-26.91894,-49.06606,Confirmed Contributor
"Arnold, District 3, Anne Arundel County, Maryland, United States",1,39.04599,-76.52679,Confirmed Contributor
"Ludgershall, Buckinghamshire, England, United Kingdom",1,51.85339,-1.04281,Confirmed Contributor
"Cookeville, Putnam County, Tennessee, United States",1,36.18876,-85.55191,Confirmed Contributor
"Saskatoon, Division No. 11, Saskatchewan, Canada",1,55.42564,-104.46997,Confirmed Contributor
"Osage County, Oklahoma, United States",1,35.19526,-94.79455,Confirmed Contributor
"Castel bolognese, Provincia di Ravenna, Emilia-Romagna, Italy",1,44.31352,12.34036,Confirmed Contributor
"Elektrėnai, Elektrėnų savivaldybė, Vilniaus apskritis, Lithuania",1,54.721,24.66556,Confirmed Contributor
"Bath and North East Somerset, England, United Kingdom",1,50.88316,-2.74705,Confirmed Contributor
"Torrejón de Ardoz, Madrid, Comunidad de Madrid, Spain",1,40.45876,-3.47974,Confirmed Contributor
"Roanoke, Virginia, United States",2,37.27113,-79.93906,Confirmed Contributor
"Pensacola, Escambia County, Florida, United States",1,30.58189,-87.29912,Confirmed Contributor
"Melbourne, Australia",1,-37.81534,144.96323,Confirmed Contributor
"Fuquay-Varina, Holly Springs, Wake County, North Carolina, United States",1,35.6235,-78.81889,Confirmed Contributor
"Hermosillo, Sonora, Mexico",1,29.0745,-110.95944,Confirmed Contributor
"Johnson, Vermont, United States",1,44.63677,-72.6779,Confirmed Contributor
"Vecindario, Las Palmas, Canarias, Spain",1,27.84023,-15.44567,Confirmed Contributor
"Brookline Township, Greene County, Missouri, United States",1,37.09972,-93.3708,Confirmed Contributor
"Porto Alegre, Rio Grande do Sul, Brazil",1,-30.02768,-51.22864,Confirmed Contributor
"Haifa, Haifa, Haifa District, Israel",1,32.81728,34.98876,Confirmed Contributor
"Middle Creek Township, Wake County, North Carolina, United States",1,35.56279,-78.82896,Confirmed Contributor
"Sukaluyu, Kecamatan Cibeunying Kaler, Kota Bandung, Jawa Barat, Indonesia",1,-6.8999,107.63291,Confirmed Contributor
"Cape Town, Cape Town, Western Cape, South Africa",2,-33.92711,18.42006,Confirmed Contributor
"Plano, Collin County, Texas, United States",1,33.0518,-96.67559,Confirmed Contributor
"La Mirada, Los Angeles County, California, United States",1,33.90899,-118.00995,Confirmed Contributor
"Kampala, Kampala, Central Region, Uganda",1,-14.1945,34.12679,Confirmed Contributor
"Canton, Plain Township, Stark County, Ohio, United States",1,40.83075,-81.35818,Confirmed Contributor
"Nashville, Davidson County, Tennessee, United States",1,36.23988,-86.63777,Confirmed Contributor
"Chittorgarh, Chittaurgarh, Rajasthan, India",1,24.87529,74.6229,Confirmed Contributor
"Bad Nauheim, Deutschland",1,50.3606,8.73576,Confirmed Contributor
"Bourg-la-Reine, Hauts-de-Seine, Île-de-France, France",1,48.77933,2.31527,Confirmed Contributor
"Montevideo, Departamento de Montevideo, Uruguay",1,-34.7705,-55.7589,Confirmed Contributor
"Oakville, Regional Municipality of Halton, Ontario, Canada",1,43.50827,-79.69744,Confirmed Contributor
"Bielsko-Biała, Bielsko-Biała, śląskie, Poland",1,49.80762,19.05584,Confirmed Contributor
"Macau, Macau RAE",1,22.19204,113.55126,Confirmed Contributor
"Sankt-Peterburg, Nevskiy, Sankt-Peterburg, Russia",1,59.86817,30.42238,Confirmed Contributor
"Anoka, Anoka County, Minnesota, United States",1,45.1984,-93.39121,Confirmed Contributor
"Rossland, Kootenay Boundary B, Kootenay Boundary, British Columbia, Canada",1,49.11635,-117.54638,Confirmed Contributor
"Richmond Hill, Regional Municipality of York, Ontario, Canada",1,43.84811,-79.37656,Confirmed Contributor
"Orlando, Orange County, Florida, United States",1,28.42771,-81.46446,Confirmed Contributor
"İzmir, Türkiye",1,38.41872,27.1296,Confirmed Contributor
"Galena Park, Harris County, Texas, United States",1,29.74482,-95.23608,Confirmed Contributor
"San Agustín del Guadalix, España",1,40.67867,-3.61586,Confirmed Contributor
"Jalandhar, Jalandhar, Punjab, India",1,31.33141,75.59024,Confirmed Contributor
"Torricella-Taverne, Svizzera",2,46.06668,8.9221,Confirmed Contributor
"Winter Springs, Seminole County, Florida, United States",1,28.69013,-81.22728,Confirmed Contributor
"Lagos, Mushin, Lagos, Nigeria",1,6.52849,3.35532,Confirmed Contributor
"Cobble Hill, Cowichan Valley B, Cowichan Valley, British Columbia, Canada",1,48.69747,-123.60695,Confirmed Contributor
"Mount Stewart, Queens County, Prince Edward Island, Canada",1,46.39236,-63.03768,Confirmed Contributor
"Bühl, Rastatt, Karlsruhe, Baden-Württemberg, Germany",1,48.70172,8.12689,Confirmed Contributor
"Castleton, Cramahe, Northumberland County, Ontario, Canada",1,44.14937,-77.82755,Confirmed Contributor
"Nova Lima, Brasil",1,-19.98761,-43.84645,Confirmed Contributor
"Erie, Boulder County, Colorado, United States",1,40.00025,-105.06412,Confirmed Contributor
"Walnut, Los Angeles County, California, United States",1,34.02562,-117.84376,Confirmed Contributor
"Bromsgrove, England, United Kingdom",1,52.3338,-2.06351,Confirmed Contributor
"Pontotoc, Pontotoc County, Mississippi, United States",1,34.31301,-89.04944,Confirmed Contributor
"Nairobi, Nairobi County, Kenya",1,-1.29165,36.82089,Confirmed Contributor
"Moskva, Lyublino, Moskva, Russia",1,55.67677,37.7623,Confirmed Contributor
"Lindau (Bodensee), Lindau, Schwaben, Bayern, Germany",1,47.55436,9.69024,Confirmed Contributor
"Fort Lee, Bland, Prince George County, Virginia, United States",1,37.22324,-77.34612,Confirmed Contributor
"Jakarta, Indonesia",1,-6.17476,106.82707,Confirmed Contributor
"Alfiano Natta, Italia",1,45.04759,8.2083,Confirmed Contributor
"Dnipropetrovs'k, Dnipropetrovs'ka city council, Dnipropetrovs'ka oblast, Ukraine",1,53.89203,30.31145,Confirmed Contributor
"Newington, City of Parramatta Council, New South Wales, Australia",1,-33.83435,151.05636,Confirmed Contributor
"Monterey Park, Los Angeles County, California, United States",1,34.05982,-118.1228,Confirmed Contributor
"Ben M'hidi, Algérie",1,36.77117,7.90274,Confirmed Contributor
"United Kingdom, Greater London, England",1,51.50015,-0.12624,Confirmed Contributor
"Clarkston, Oakland County, Michigan, United States",1,42.7512,-83.41129,Confirmed Contributor
"Issaquah, King County, Washington, United States",1,47.53007,-122.0329,Confirmed Contributor
"Chard, England, United Kingdom",1,50.87271,-2.96588,Confirmed Contributor
"West Yorkshire, England, United Kingdom",1,53.79969,-1.5491,Confirmed Contributor
"Grand Rapids, Kent County, Michigan, United States",1,42.96546,-85.67017,Confirmed Contributor
"Rexburg, Madison County, Idaho, United States",1,43.82607,-111.78953,Confirmed Contributor
"Las Palmas de Gran Canaria, Las Palmas, Canarias, Spain",1,28.12483,-15.43002,Confirmed Contributor
"Kyiv, Kyiv City, Ukraine",1,50.44773,30.54272,Confirmed Contributor
"Mission Viejo, Orange County, California, United States",1,33.59502,-117.6591,Confirmed Contributor
"Pāhoa, Hawaii County, Hawaii, United States",1,19.49152,-154.94081,Confirmed Contributor
"Chur, Plessur, Graubünden, Switzerland",1,46.84949,9.53067,Confirmed Contributor
"Kahnawake, Roussillon, Québec, Canada",1,45.41462,-73.67285,Confirmed Contributor
"Barcelona, Barcelona, Catalunya, Spain",1,41.63009,0.90719,Confirmed Contributor
"Plan-les-Ouates, Suisse",1,46.16839,6.11778,Confirmed Contributor
"基隆市, 台灣",1,25.1317,121.74452,Confirmed Contributor
"Krasnodar, Gorod Krasnodar, Krasnodar Krai, Russia",1,45.03345,38.9802,Confirmed Contributor
"Glifada, Notios Tomeas Athinon, Greece",1,37.86282,23.75344,Confirmed Contributor
"Bağlıca, Etimesgut, Ankara, Turkey",1,39.90494,32.64992,Confirmed Contributor
"Japan",1,35.68696,139.74946,Confirmed Contributor
"Setla, Alicante, Comunidad Valenciana, Spain",1,38.85283,0.01654,Confirmed Contributor
"Redondo Beach, Los Angeles County, California, United States",1,33.84498,-118.38724,Confirmed Contributor
"Guadalajara, México",1,20.67517,-103.34733,Confirmed Contributor
"Hamden, New Haven County, Connecticut, United States",1,41.39628,-72.92152,Confirmed Contributor
"Taguig, Metro Manila, Philippines",1,14.52941,121.07102,Confirmed Contributor
"Milton Keynes, England, United Kingdom",1,52.04144,-0.76056,Confirmed Contributor
"Leganés, Madrid, Comunidad de Madrid, Spain",1,40.32642,-3.75899,Confirmed Contributor
"Šamudovce, Michalovce, Košický kraj, Slovakia",1,48.70726,21.88522,Confirmed Contributor
"Boston, Suffolk County, Massachusetts, United States",1,42.35899,-71.05863,Confirmed Contributor
"Andhra Pradesh, India",1,15.75564,79.96548,Confirmed Contributor
"South Jakarta, South Jakarta City, Jakarta, Indonesia",1,-6.23297,106.83457,Confirmed Contributor
"Simrol, Indore, Madhya Pradesh, India",1,22.5412,75.912,Confirmed Contributor
"Bulle, La Gruyère, Fribourg, Switzerland",1,46.61804,7.05728,Confirmed Contributor
"Longmont, Boulder County, Colorado, United States",1,40.23228,-105.18139,Confirmed Contributor
"Bradford, England, United Kingdom",1,53.79385,-1.75244,Confirmed Contributor
"Durban North, Durban Metro, KwaZulu-Natal, South Africa",1,-29.79041,31.03427,Confirmed Contributor
"Barrie, Simcoe County, Ontario, Canada",1,44.35105,-79.63138,Confirmed Contributor
"Kaunas, Kauno miesto savivaldybė, Kauno apskritis, Lithuania",1,54.94009,23.77387,Confirmed Contributor
"Gdynia, Gdynia, pomorskie, Poland",1,54.51684,18.54194,Confirmed Contributor
"Avignon, Vaucluse, Provence-Alpes-Côte d'Azur, France",1,43.94871,4.80593,Confirmed Contributor
"Biol, Isère, Auvergne-Rhône-Alpes, France",1,45.49197,5.38509,Confirmed Contributor
"Maaseik, Limburg, Vlaanderen, Belgium",1,51.09479,5.79397,Confirmed Contributor
"Rodgau, Offenbach, Darmstadt, Hessen, Germany",1,50.02454,8.88526,Confirmed Contributor
"Overland Park, Johnson County, Kansas, United States",1,38.97482,-94.6836,Confirmed Contributor
"Balearic Islands, Balearic Islands, Spain",1,39.61334,2.95685,Confirmed Contributor
"Hyderabad, Ranga Reddy, Telangana, India",1,17.34449,78.52707,Confirmed Contributor
"Zvolen, Banskobystrický kraj, Slovakia",1,48.57586,19.12563,Confirmed Contributor
"Egkomi, Cyprus",1,35.15657,33.31456,Confirmed Contributor
"San Diego, San Diego County, California, United States",1,32.71576,-117.16382,Confirmed Contributor
"Waterloo, Monroe County, Illinois, United States",1,38.32991,-90.17422