form_id,name
1016,Blog Newsletter
1012,Hipchat Contact
1014,Bitnami
1017,Contact Us
1018,Demo Request
1024,Gartner Report
1028,Newsletter
1029,Partner Program
1031,Quote Request
1033,Trial Request
1034,TCO Report
1038,Renew Enterprise
1212,Security Updates
1221,MM Download (All Types)
1244,Event Meeting Request
1281,Accept Payment Terms
1287,Reseller Deal Reg
1410,Nonprofit Inquiry
1468,Manager's Guide
1473,Solution Architect Meeting
1544,Enterprise Inquiry
1552,Subscribe CTA
1558,TCO Guide - MS Teams
1560,MM Datasheet
1561,Jenkins Plugin Datasheet
1562,Effiency Analysis [US]
1563,Effiency Analysis [EU]
1564,IDC Whitepaper
1568,Solution Architect Meeting - O365
1570,7 Steps ChatOps Guide
1571,GDPR Opt-In Y/N
1718,Onsite Event Check-in 
1724,Active Directory/LDAP on MM
1726,[TEST WEBINAR REG]
1728,Remote Work Offer
1749,WR Registration
1752,Goverment Inquiry
1759,WR Registration
1763,WR Registration
1775,N/A
1794,WR Registration
1806,Cloud Signup
1852,DevOps WR Registration
1867,Hackathon WR Registration
1884,Cloud Enterprise Quote Request
1886,Contact-Us Sales
1898,Monthly Newsletter (Optimize Experiment)
