page_path,category
/blog/instrumenting-go-code-via-ast/,R&D
/blog/hermes-mattermost/,R&D
/blog/go-idiomatic-error-handling/,R&D
/blog/monitoring-a-multi-cluster-environment-using-prometheus-federation-and-grafana/,R&D
/blog/localizing-matterpoll/,R&D
/blog/submitting-great-prs/,R&D
/blog/unit-testing-mmctl-commands/,R&D
/blog/maintaining-consistency-in-codebases-with-go-vet/,R&D
/blog/hermes-mattermost/,R&D
/blog/all-about-emojis/,R&D
/blog/locally-working-with-sphinx/,R&D
/blog/advanced-git/,R&D
/blog/going-to-mattercon-as-a-mattermost-contributor/,R&D
/blog/mattermost-lighthouse-auditing/,R&D
/blog/umatter/,R&D
/blog/advanced-git/,R&D
/blog/creating-powerful-automations-with-n8n-and-mattermost/,R&D
/blog/building-confidence-and-gaining-experience-with-good-open-source-projects/,R&D
/blog/mattermost-as-a-communication-gateway/,R&D
/blog/open-source-contributor-journey-with-mattermost/,R&D
/blog/iouring-and-go/,R&D
/blog/openvpn-to-pritunl-vpn/,R&D
/blog/top-7-missteps-of-the-mattermost-open-source-project/,R&D
/blog/open-source-contributor-journey-with-mattermost/,R&D
/blog/opentracing-for-go-projects/,R&D
/blog/how-we-improved-our-react-native-cold-start-for-android/,R&D
/blog/monitoring-the-mattermost-server-with-prometheus-and-grafana/,R&D
/blog/layered-store-struct-embedding-go/,R&D
/blog/mattermost-rainforest-qa/,R&D
/blog/automated-ui-testing-with-cypress/,R&D
/blog/mattermost-github-archive/,R&D
/blog/modern-ways-of-end-to-end-testing-with-cypress-js/,R&D
/blog/mattermost-nimbella-shared-cli/,R&D
/blog/mattermost-integrations-guide-episode-one-a-new-hook/,R&D
/blog/mattermost-integrations-incoming-webhooks/,R&D
/blog/improving-performance-through-load-testing/,R&D
/blog/mattermost-integrations-outgoing-webhooks/,R&D
/blog/mattermost-integrations-slash-commands/,R&D
/blog/adding-rtl-support-to-mattermost/,R&D
/blog/introduction-mattermost-devops-command-center/,R&D
/blog/what-matters-podcast/,R&D
/blog/creating-an-incident-playbook-in-mattermost/,R&D
/blog/mattermost-integrations-mattermost-api/,R&D
/blog/what-matters-responding-to-incidents-quintessence-anx-pagerduty/,R&D
/blog/tuning-mysql-and-the-ghost-of-index-merge-intersection/,R&D
/blog/what-matters-episode-7-reacting-to-reactjs-with-mike-hartington-of-ionic/,R&D
/blog/coordinated-disclosure-go-xml-vulnerabilities/,R&D
/blog/mattermost-contact-tracing-covid-19/,R&D
/blog/what-matters-episode-8-checking-out-cloud-with-maria-nunez/,R&D
/blog/avoiding-common-internationalization-mistakes/,R&D
/blog/what-matters-episode-9-remotely-remote-with-corey-hulen/,R&D
/blog/what-matters-episode-10-open-source-covid-19-with-tom-de-moor/,R&D
/blog/remote-work-survey/,R&D
/blog/streamlining-developer-access-to-prometheus-and-grafana/,R&D
/blog/what-matters-episode-11-community-chat-with-emily-cook/,R&D
