repo,category
mattermost-server,platform
platform-private,private
desktop,platform
process,private
mattermost-integration-gitlab,integration
mattermost-integration-giphy,integration
enterprise,private
marked,forked
docs,docs
mattermost-docker,deployment
mattermost-push-proxy,platform
mattermost-ios-classic,platform
licensing,private
internal-ops,private
old-mattermod,private
mattermost-android-classic,platform
rsc,forked
mattermost-driver-javascript,integration
mattermost-docker-preview,deployment
mattermost-oauth2-client-sample,integration
mattermost-bot-sample-golang,integration
mattermost-react-native,private
mattermost-website-org,private
mattermost-heroku,deployment
mattermost-api-reference,docs
mattermost-load-test,platform
mattermost-mobile,platform
mattermost-mobile-private,private
log4go,forked
graceful,forked
mattermost-webrtc,integration
mattermost-platform-shift,private
mattermost-selenium,development
commonmark.js,forked
commonmark-react-renderer,forked
html2text,forked
mattermost-redux,platform
mattermost-helm,platform
redux-offline,forked
mattermost-mattermod,development
gcm,forked
gorp,forked
mattermost-elasticsearch-docker,development
react-native-notifications,forked
matterbuild,development
mattermost-developer-documentation,docs
react-native-local-auth,forked
mattermost-developer-kit,development
mattermost-interactive-post-demo,integration
mattermost-dev-ops,private
mattermost-webapp,platform
mattermost-build,development
mattermost-build-private,private
mattermost-plugin-jira,integration
mattermost-plugin-zoom,integration
mattermost-webapp-profiling,development
mattermost-plugin-memes,integration
go-bindata,forked
mattermost-plugin-github,integration
mattermost-plugin-jitsi,integration
mattermost-shared-pipelines,private
react-native-fetch-blob,forked
build-environment-backups,private
viper,forked
minio-go,forked
react-native-image-gallery,forked
helm-elasticsearch,forked
mattermost-handbook-1,docs
mattermost-plugin-profanity-filter,integration
react-native-device-info,forked
mattermost-plugins,integration
rn-placeholder,forked
mattermost-utilities,platform
mattermost-plugin-autolink,integration
react-native-youtube,forked
mattermost-plugin-starter-template,integration
mattermost-plugin-demo,integration
mattermost-plugin-antivirus,integration
mattermost-chrome-extension,integration
playbook,private
mattermost-vagrant-galera-sample,deployment
react-native-recyclerview-list,forked
mattermost-redhat-docker,deployment
mattermost-plugin-walltime,integration
mattermost-plugin-autotranslate,integration
react-native-calendars,forked
mattermost-plugin-welcomebot,integration
eslint-plugin-mattermost,development
mmctl,platform
mattermost-plugin-giphy,private
mattermost-plugin-demo-creator,integration
mattermost-plugin-todo-old,private
mattermost-plugin-email-reply,integration
mattermost-plugin-community,integration
mattermost-plugin-custom-attributes,integration
react-window,development
mattermost-plugin-aws-SNS,integration
mattermost-operator,deployment
mattermost-plugin-nps,platform
imageproxy,forked
mattermost-plugin-jenkins,integration
mattermost-plugin-gitlab,integration
mattermost-plugin-skype4business,integration
mattermost-cloud,platform
mattermost-metrics-server,development
go-i18n,forked
mattermost-devops,private
react-bootstrap,forked
react-native-webview,forked
mattermost-cloud-monitoring,development
react-native-keyboard-tracking-view,forked
react-select,forked
circleci-orbs,development
mattermost-mlt,private
mattermost-sa-demo,private
mattermost-plugin-suggestions,integration
mattermost-plugin-cloud,integration
mattermost-plugin-oembed,integration
mattermost-patch-management,private
mattermost-marketplace,platform
react-native-doc-viewer,forked
mattermost-plugin-webex,integration
internal-docs,private
action-mattermost-notify,development
mattermost-plugin-docup,integration
mattermost-plugin-workflow,private
ldap,forked
mattermost-plugin-canary,integration
mmetl,platform
react-smooth-dnd,forked
react-native-cookies,forked
mattermost-plugin-mscalendar,integration
mattermost-sa-code,development
mattermost-handbook,docs
gosaml2,forked
mattermost-hackathon-nov2019,hackathon
mattermost-plugin-google-calendar,integration
mattermost-load-test-ng,platform
mattermost-plugin-todo,integration
mattermost-plugin-agenda,integration
mattermost-plugin-api,integration
mattermost-govet,development
.github,development
mattermost-hackathon-hackerearth-jan2020,hackathon
mattermost-plugin-solar-lottery,integration
customer-web-server,private
mattermost-plugin-nop,integration
mattermost-packer,private
mattermost-looker,development
mattermost-data-warehouse,private
linuxbrew-core,forked
homebrew-core,forked
blubr,development
mattermost-plugin-confluence,integration
mattermost-for-confluence,integration
mattermost-plugin-workflow-client,integration
mattermost-away-reminder,forked
mattermost-data-warehouse-internal,development
mattermost-documentation,docs
mattermost-plugin-incident-response,private
internal-workflows,private
mattermost-plugin-channel-export,private
security-infrastructure,private
test-repository,private
blapi,private
matterwick,development
react-native-v8,forked
dynamic-virtualized-list,development
mattermost-plugin-digitalocean,private
mattermost-qa-automation,development
license-generator,private
security-automation-config,development
chewbacca,development
mattermost-plugin-webrtc-video,private
mattermost-plugin-giphy-moussetc,private
mattermost.com,private
integrations.mattermost.com,private
mattermost-cloud-database-factory,development
circleci-sec-test,private
