reason,server_id
test_server,n6njj8an7b8adqmsyzfyzdas9h
test_server,p3dhgyk7npy75mxnm6jj83b4jr
test_server,u986xjnkzf8fub9yh6r4yw1d8c
test_server,rqmwfgjr4iym58tseksbos73pc
test_server,7auass7zxjrzzp54rzk913deor
test_server,69dkw3tk4ty438uzw6uka5sc6o
test_server,h7883torppf7jcamc8uqut1cte
test_server,9yab6tzjs3bo5838drchu1mder
test_server,pop8bt8phtndfpg148bffgqp8r
test_server,3xkpycb8c3nudkbjkztwyfk5re
test_server,wju11q3bq7b58k6s3mixrewtiy
test_server,tyomk9xe6fghtfi3n8jmk188ha
test_server,g8ar7k73h3b1jf5ijjcyns5o9a
test_server,nsuiskfhat8sdys3wkqjtimmee
test_server,za78w56nhjgupgsf6k6t8xbkih
test_server,zio9h3dmg7ro7b35agugis16hc
test_server,b86c5tpynpgsmbsawqz7uxjhwc
test_server,h1ee6s7dsjgi8jpjon8qzf5n4o
test_server,7n7xemuc67nwux7i9bswyb8c7c
test_server,g4jnrb1x9td45xwbbhaa9357be
test_server,ysm5d9gweiys8rr8ncszd6iisa
test_server,cttungxx8fgj8855ewrmptdkwh
test_server,czpjwb745tfrtqqj38u7wkme3h
test_server,aowrn4q7epdypquf67tjis4z9o
test_server,fb6nandcbjrsfcas8j6bqyzmpc
test_server,u7kbrbewk38u3ecrdxrefmscbw
test_server,51apyhne4prs88s6w61ku6g6qc
test_server,z8mywczw4bg57n4s84owx65c6y
test_server,nfafmfw4m7nk7qys47b7fk9t8r
test_server,f5z59csymp8y8p15iqkizumb3h
test_server,dw1rhawdgbgi98yq5kjdbeqm5e
test_server,15yn3kaptiyudchanymr41jtoa
test_server,adt8ie1wqbf1tm46wpz1j9znga
test_server,iqx8z8798pdx5ju551fceoeu8r
test_server,7t4aagpgsbbuzmdn4o7mmji4ga
test_server,idwwhqzi9irtfeh7brg168c37o
test_server,1urxeccir38w5r4m77sqdzz5ne
test_server,coec7hubmiygiczrpb1zahrm5o
test_server,9ki4cusahtd9uxxdbdcxyxjodr
test_server,e67fc6rm83rq9qy4py85pgucsa
test_server,cu8dnxmqdi86zgeyc8o17zs9ja
test_server,wj6grb9ohj8sznod6kn7fafwma
test_server,o9j64qw66783bn6ffpe9mnyfsh
test_server,fqeabyfpqfgobphmieb651b9fa
test_server,ym1sh5dhytnax883he3ihi6dqc
test_server,6icy6jz3fjriig4owphdzg8jra
test_server,dnih1x6edbf7fptd3pocgd3ynw
test_server,cu9zphksffyaxn5upyt5x14rpo
test_server,bmhcyx1rkirp9qp4sycej5jqbc
test_server,xji75x3b9ffcbgfazm7wgqxb9c
test_server,9rg4m6b75bbo5kodcdjh51dgdy
test_server,keb1sxwro7fhipbu5orwhnz96e
test_server,drrxzrecytb8uyq1t8y3isfh7w
test_server,eqhb8ajqxpns7kab6uudko643r
test_server,7r8ditsfairbdjhhmyzqnzizpy
test_server,7zx9qcff3pgsujiej67dss48cr
test_server,chyzw7aj1bbsudw8ankmdswk8r
test_server,fhj18tu8tfg7jrsr4fbtg6fdrw
test_server,zex8f5186tbridey7bfty4cm6w
test_server,gw8p4cgeztrrbkx4sihryhcrcy
test_server,wc7ic78b9fdnpmoebcdpkrwrjo
test_server,8otaqfs4mfyrtmr7o41mgnm4bw
test_server,9unfbg945if4fewh6ifrnuns8o
test_server,o93ezaxtdpbw8j1yf9oi71w55w
test_server,x4j3pmm4pjnk5xw88j6ggdtxja
test_server,xqw9cxr4bbybtxfgpkzijm5cgw
test_server,scsmanzgd7b38pfku4nrt5t1oy
test_server,9sx7t8u1gpbyzyji7t8p585nwy
test_server,8gwa31qnbpb77dthh8pcamysga
test_server,1gq7z7bwqbbwbyhf1ah9u17ofo
test_server,irxzu3ji3p8jjg3nakug48fytw
test_server,437rypjaajn8ujucxbm87r4kse
test_server,4hi4qo9uyibjtj694hdtgfngra
test_server,cczki4u7978dudjs1wayx1eejo
test_server,6a1si8o81jrfxxyis1f9j46xnh
test_server,8jprtucti3bzij864yfbaom1wy
test_server,at6oam3ostnnfr93t5yty6w9oc
test_server,96to1trfbigjidhxguirj1hhgc
test_server,xha8c3iwz3f47rxep9qbtebwia
test_server,a5pg6ik77ifq8xsrsom89y1qeo
community,93mykbogbjfrbbdqphx3zhze5c
test_server,c7cyss7uji8cdxoe9c53d7octc
test_server,75q84tcgn7rtibgyhbrj3m6ycr
test_server,y3768xtapfyq5czzfgg6yuuaqh
test_server,qfso9w9c3jnjpcjk99165f83nw
test_server,6iucibxe5ig5ib7ri7oqsd9f5r
test_server,ezhhrh3jrffxjn87ktca7fqcjw
test_server,fd9tuy3zibyxpnptsjgu9wqj8o
test_server,wbekryjjaty7mee6wzk8pka48y
test_server,jprtzofzqtybup7n76xmzk6dha
test_server,sdn16d7c9tnaucedxpo71g1smc
test_server,qqzow5xwsjrz9mmzs74ukbs8wo
test_server,wobthanw8fn45j414fyckscuzr
test_server,ihwncy8wnfnzfjm4dwxycp5w8o
test_server,c3gxftb9x7ntbbs69y49eyc5gr
test_server,ycuho6s5efbaxpd8xkxiq7656o
test_server,e3ccykzg6b8jxqxq9og6r4a3ea
test_server,xw4zkos11bd39y85bxtw11mymw
test_server,k9yiy5zpwfy6zbgq4tm1tk7pue
test_server,iww9yqrx5jrebftoafyorxpn1w
test_server,o543z9ddibdxjfn1cdw4sitwma
test_server,awjz3mnr9ibmpjcq66w64ieppr
test_server,1iaa43uqbpy8dgm6gxkju4e5kw
test_server,kgeqwc39dtnrmbqtzf3gu33e8c
test_server,ffddzkhit7dginyr7x6d3uzx9o
test_server,rur94mpc1bftufy67ko5x5umbc
test_server,3yia5yah5fg5mx1ggbnm88b6zw
test_server,4k1wiq75f3ghmd95h39r7chojy
test_server,e6agwxfyoidctkysi8dj6wanor
test_server,tgbtrbsmq7r7dmnz1h9hoskbnr
test_server,gby6f8t96ffqu85kwrwemr8sph
test_server,f7m8dxxijbredxxi4in4fia6fr
test_server,88r3wmf69bdembpobsddofgkor
test_server,584usixrppnpiem6q8wianzo6y
test_server,ugd7z55mrjnquyzuc1hzs1qube
test_server,kxerwuaiyb8jmpn3meyfxokc6a
test_server,j8whbm9uhtdj3yxsp5mfgk5pbe
test_server,3m6ikkyxcjbhz8y6cxuiytmmhc
test_server,jzop4mayh3ra88zz4cpa9tjrmr
test_server,uh7zbmuehbb8mpqi7rqqoa5c4c
test_server,p5kzqsnfqbr6dd6k7pn3yo5mse
test_server,yc6oo5fm8jrf5qh3j86cxgofqh
test_server,a91831r83trnmcn15itn1cu6fo
test_server,z5eikwo7kfyotffmwb7x4xkfto
test_server,55xbg9rmtfy9zpqub9asgy178c
test_server,ikb1g9bkjbfrxfp6anwgzibxdh
test_server,5ue5ryg89tgqpg54rqfxx9n1uc
test_server,njzw8g3sa788jkor6fe1bd3p8e
test_server,d9gordnchbr6zfnhon6kmhpbkh
test_server,oogm6899mpd55jjpyrek9xj7ho
test_server,wjtpbnip87yszkybhx56jsyihe
test_server,fdnfctyc7fffunabhqjno1ff6h
test_server,uno4f14amtn99p16pyub7jknia
test_server,qya4z9zcqpgjfxxxcff9bop7eh
test_server,ryupiwrq5tyquprzfosgswbg7y
test_server,5io68zcettf9uqkomo6mm4n63w
test_server,c7ck8bxfxprizgstbwnrh6brro
test_server,cg3fz3immbrtfegaoouysgsrae
test_server,8joeg64gjj8fzcsp4iu8khmzyw
test_server,5nt79nw4u7n7fgt7g8sns1iwgo
test_server,zem1ubuxrt8zfnpambsyf7zanc
test_server,1nqw5uhbij87pr5i6wxt84xmgc
test_server,ds9xfj7uo7yt3xc8uetxybji4e
test_server,be6nsibwd3gnmrdt41b9qf1d9e
test_server,9g5dkc7497rxzjuqo6awos9suw
test_server,xpg9hqzmrpg3ifacr7s9ga81qr
test_server,8atrnc3wjpgries7ttupm1xdme
test_server,ffc8fdhb8f86jg5h4dgdns4a8o
test_server,6z9345qd5pbhjd6f1crbnwgyby
test_server,ics8mr6j8tyxz885fzs1ca9p7w
test_server,4y16th9stpf1mxcuro5rsxr5wy
test_server,iiung8grct8y8ewxgug516hu3o
test_server,mtr1y1r8b3d87fw9edice5rdpc
test_server,qm84scgpkjgemkr4jmq8mi93sw
test_server,fcwun7jqnpntmdcab4rjfad56h
test_server,63ro8w4ajjgmtfosyeh6uk5p4o
test_server,o7tpd8ro4ffwpgkqm1tap8tsky
test_server,sta66soi7ibwu8ybcbjox9t35h
test_server,k4gtjz8x9jyo5qh38uhmhnepnr
test_server,k4wp7xyibirwfeutagzqi43qby
test_server,mewbjnxmnbgfxf4ubhu93pgmce
test_server,s6o8gi7kkjfodr7eyjg97h1ich
test_server,hmbmkt4rtpgp7py5zdh74z3cgo
test_server,1ib8omo65bnmzx3bx55x7hhb6w
test_server,odmw33dnfinf5fzme8qr8wj73c
test_server,49ebqud1ffr4bmejdsrbrw4djc
test_server,jupq99raminc5f695qgotik4yy
test_server,nib7h6b3wifyznop4ryjhzndyh
test_server,9yxpm3ndwp8hmeqbqn6d7ip1qw
test_server,n541yjpmxtd7fkmjz39k1de4ey
test_server,5cfmtn5khirz9k7pgx3b848isy
test_server,apfy3nhh7by4fyhsqm7w6nqgye
test_server,k3hzncnetjrg3ksx9zwxxxuaie
test_server,811ao3rbojbmtdcijfe15schrw
test_server,wbjipe85oby1int5fngf144xfh
test_server,iuf7bq4m67r398tw6axb9qg1ec
test_server,mbbtu6dyg3ri3f9yfgba8cx8ch
test_server,o5i99hra9387zdr4j6f7rybemo
test_server,kfskxhw847fbmgr9esppbg15nc
test_server,isac9z38qb8p9ybox6e5o5pxsw
test_server,dxdgoxhrzpygdyso9u1ttoodxh
test_server,us4ez8oin3gdtq93e9udj37imh
test_server,yehz1xn7dtgnmfbwm35bmaabaw
test_server,ikefoxkirpf5fg7ufrmbr11roh
test_server,s6j3f4cp87fmmb8rjb5raq6zoo
test_server,iwthrnikdpybmkizqq95sagr5y
test_server,msfbtnu97b883niiofdywtg4ww
test_server,monwn3fqxpg4xyjqcsjs7q15dr
test_server,c7ae5n8r6i81uns6s338q5rjgh
test_server,6kwein7o4bd9fnq61gexsh9gue
test_server,bua1npzer7go7firttf8midcpe
test_server,b3zcnx8xnin6zxy9pbr9oe3b7o
test_server,te3aqdz3xprz9f6s1ziibobhbh
test_server,hdkrkiunwif9umz1zdkpke5i7h
test_server,8knoomrrk3yntx7dfcjekbtmxc
test_server,rmh7jzty1pdq5dhtbznnd6f6nr
test_server,7qcoapz96irg8m9yeagm97fubw
test_server,sq7ygguu43gkdp5gh4ydrcq5ty
test_server,d81djoptnfr8ieppwi5bx4d8ja
test_server,69xw9epxfbyq8k7akg37zb6o3a
test_server,5xmnddydapfsinq715ksh6qmey
test_server,kr9mwu6543n6ueotmqexfz3x3h
test_server,c47t6eh3qiys8y6xqet6zfnjge
test_server,bx8o6ba8aiys8psmton31oh35h
test_server,innazs3gcpbo8behkb1qx741ue
test_server,b1a3h6ushf8sjcshxat4zp3axa
test_server,7tbpn9xbajr45mzduuppdtfscc
test_server,xh68jiztefynxyrixgaa5sn98y
test_server,ug59rz3qhfgndf7d6mybntur7y
test_server,zp9zn1et13847pb67ymyyfuiae
test_server,dwjw3986h7nkidhnmxmidrsb9a
test_server,9xkip5nbc7fr5mjwky741anfaw
test_server,jti7t4kpbtgxzngm7peh3qg8tw
test_server,fgb1oiwa17ynfp5d7zfxzgaiie
test_server,yzdugf34k7f8dgpaetw9rqzpzy
test_server,1bb843z61ir99gnst3gxuz916h
test_server,54bzq4sqg38k9em1hihya8ksby
test_server,etugrmqipifj5bkz7ohff8jkge
test_server,h4fcpxbgtjngxrrn87xy1tkp4w
test_server,ttiki9qw1tfn8dyaenc4meo1mr
test_server,uzmusxsrm3bpjpubza3zk3bwtr
test_server,6qzmruzyhfg3pboo7u11d3cddr
test_server,ujuxu6knot8z5c9pm6rhcmdjph
test_server,je7jxd3tdinkjxb4mshqcwzcre
test_server,ztmgf17bmpftff9ngx61mb5p8e
test_server,qsp6iwcz1jgmuxit51k3t3fnoe
test_server,3nqt1g11h3batb7ngnhurz3cio
test_server,wk6p5tnfktyjz8qo8b8roq1qwa
test_server,habprhyi8bbmbywu9sp86wh33r
test_server,ur3i9h7d7br6inbsxrkezwp4xe
test_server,wa7qahfurt8o3edjpreo6pdrrr
test_server,4gnjfg4q9fdq3yr6c8uf4m3r4y
test_server,7riuurkjfjnmu8dhhr3nsa4jmc
test_server,r798uex17ffqpy1t7mo4rhi7zo
test_server,b6rtss9oftf4fbuozndn4q81xw
test_server,8g34pc68iiyrxc1qybmw7mp37e
test_server,k3k97xuhr3dxfx8upo1sm6xgic
test_server,b8iu8os1kp8m58t6rm5cpo87ie
test_server,yoaa19zjnb8y38jzkukif7wziw
test_server,4er97f3deincjrznkjszgnsgbc
test_server,ubja77he6j8m7q1dedqj6z54za
test_server,srhtuehws7fyufswy5yhoeqgoe
test_server,k3twsip8spb88ctm73ujfwripo
test_server,gsoicjpstpf3x8f34bmn97juxh
test_server,q7mdyjpiftb1tj3gh8pqjqyfda
test_server,p3d8rtcim3d4unhm6eyxrj1aie
test_server,xf63jwowytfquee7nfdyq9e3zr
test_server,qdja7cy6c7ftur3foxjchtjdpe
test_server,633z8ywka3n5fdahochqmxq6iy
test_server,a47uw3awetyqigj4xxh154k97a
test_server,hoizwwq6djbwi858xm8nbbirby
test_server,e63mtcqhzpgqibi3ztmween91y
test_server,84cu9qoc17f4pxtynar48uycwo
test_server,qo1ixw3kfjrspqcbbaw8pusoaw
test_server,zp4qk89mrf88fr1nm8sxmpwh9r
test_server,ebbxidtwmjreujnaw7fh37y5sc
test_server,8xwbicf6a3na7ke9jdukb8at1o
test_server,y1ycsuuad3dnmdifhox1cfjhih
test_server,fjknzst54jgu98tra3bxkb5jxo
test_server,ybcdhj97e7dmpyxxc4kec3h1oc
test_server,fijzh5nusbfhiyeefe4cjtdrko
test_server,qx447wwjq3yk7bjukaosot976w
test_server,m8bmfjgsqtn1bmgz579jz3p1ew
test_server,664g6t8jw7ykjpy4whmhr14tqa
test_server,ybm43818f7r7xnxg5jsdt1wi7y
test_server,shc358ehdprfbkwompnezc6rrc
test_server,1o79wbg1ninfikdjz8rq4cuc8w
test_server,c1jnk9srptdm8nx3yp8g7qw9nh
test_server,xh99kw8nminixm3ty6t6g86pue
test_server,cxo99779ctfcmdn1ubdycrojyc
test_server,s1g37wxkgbrt9jmiq44pbfmi5o
test_server,udi4bxwryjb69xicwg8bkn6y4o
test_server,t97ekucwa7rutj73wrqaugwuue
test_server,ar8ez9mu9tgmfn6pu5x5o1mwyo
test_server,63ofgzq5xtgr8jztkforjxi8ew
test_server,54jqfe3g7fg4zncwnd7nz1915c
test_server,yj7xfh4hp7ybzkbuqpy8haop3r
test_server,zscmn5p847dpbkq8w68k5u968y
test_server,4aeob9oj4pn5jbptingmd1rfia
test_server,jpfjdsbnz7dp7gxx9nrcqmg6tw
test_server,jjgdbi1sgjg88nkfxs8fyym8ey
test_server,o54ktw4d83r9xqskagdiqxidie
test_server,7pypyxyh4jg3ifh7gw48dk3d1c
test_server,y3siui3qqjrxjxcit5f37nquny
test_server,9dxayyj9r3ndmcdoiqxm6zzqzc
test_server,fpxms45sq78imrmxhswg9oa8pe
test_server,5i64y4dwhj83prn5r33tc1bkoe
test_server,fbq6r4bmb7dp3b5qczopwptwde
test_server,pax9t41sh7yzdp4sfw5ahmybao
test_server,opmwfoenqpbm8qzfw8hqdxjc3c
test_server,sr1c46j1mfr35q8p3srrj8un4w
test_server,u9etunrcgigrxqtiyc7sjg3koe
test_server,tizcu5zfhtfaimjje1jt8g75oa
test_server,7888f86c1jbnpb66e15d4x868e
test_server,my8ds6f1kffpid5fm38cmfn8se
test_server,qcmsqtd91bfkirebb1jifsj94c
test_server,9ogbndmwxbdn8yiw3urri3ibco
test_server,6s14qrjmwtnyxykz3ug7rp3dcy
test_server,aiqgk1q5zin7bruyppf81ok8nr
test_server,yehq5b3f9jb1dxp33j75u1zs7c
test_server,qsoqff7wbfrp386muufu3o5zbr
test_server,sp18daf5yjrk3nwjw8ubs56s6a
test_server,46rh3af9rffodk6d91o3d8u9yc
test_server,7co7jytoktbypnbzzbkckg8y8w
test_server,1rp6tcqt9pfj5mm16mo31p6hya
test_server,3ndgnatggtrd7xikagwbq47m8w
test_server,biqrtwiomf8d5kj7ghscadh6dr
test_server,pc8ypsbd9jduimcou8jodsw8wy
test_server,k14zi67eajgqfxsmyidp5qwwoo
test_server,y1us346f93n3ifpzpijyn7hiwa
test_server,in64cz13gfrpdrcj7bgo9xbkyr
test_server,4w8obneimp883mj5sq6ixuqf4e
test_server,xc9enxayyin5p8b3kqybpd6ytr
test_server,1gizin8pxjyq7rzdpsjchhqfbr
test_server,jpjq1uperfd43j467b9esgofey
test_server,fh9fforgx7yobj9icp8wchhfdc
test_server,s588dhbbdpgi8r9kn8ug9bq44o
test_server,qwzz8njfqbgxjjmkfpw71ksarh
test_server,qzezhj6c678b7nfnefw9g9pz1e
test_server,s8mwzwyhbf8r9ewmkgh9kkjabr
test_server,u5dpwmf46pya9rky93yy98jjxr
test_server,6itkmow6kbfqbddb6iorya8wic
test_server,jfgt5fcwbjdhxfx9sy4ihe747w
test_server,qfneagagj3rhmxnabkgo18k54h
test_server,4o3rycfyz3be3pq9ksz84iki6h
test_server,pzjm9a9pkp8o9rrduegp8qop5w
test_server,u6wgfdazwtbqbfdkwwanc4cd6h
test_server,q79bho3qo3nfbygicg9m4ewtry
test_server,4a7qkxezfpry8g3g8fzi5ujcqw
test_server,r6o9p1oudidc9gr7rzjshzhm1h
test_server,9s5zzqowhtbtinzr6b3k45yi3y
test_server,kcrinajn5ids3b67gmty86wypo
test_server,yyd5n89habdym8zbsq19f4ohir
test_server,per1cksis7no7ygab6t7o6q4my
test_server,rzwpox355f8h3du3ko95ojnq1a
test_server,uqngy3ti5fftbxmtzm3u16budw
test_server,qqztsmoh43b78bfron8kb31c1o
test_server,etu71c5z5tdj8fuwkyib9i4cha
test_server,hbk7k4yhqprw7rc4k3nqpcb3uh
test_server,riheh8jfm7n85xukgcsakxmima
test_server,4oosijqpbtb9dx7hw5doh1nsxc
test_server,z56sn8wk1fd9jreihzr53ayxqh
test_server,o645kknesi8ydbkkt4t6wtr1tr
test_server,teiuop7rztytdgfo5qoobnn1sc
test_server,zny84pf64br97yzfnkhwgdqq4r
test_server,wqoa7wi14tfcxx79o1jqshyzto
test_server,a8nyto54ppna8yx89urkwfge3y
test_server,6asyg115bifaxr4se7njtnd8so
test_server,mud3ihm4938dxncqasxt14xxch
test_server,kgzu91a3e3dh5dnwk1uu7ktzxr
test_server,mpy8sucn5bdqbqte4rs5ebh5rw
test_server,465szrxou3rh8pddawobyj5wha
test_server,tpayapgdnfr1ffnmemqgtnkq8a
test_server,ciq4h8pc8f8judwsoxbp4y4xhe
test_server,hsxhpkhtefrrzctqrkgn5ie6ge
test_server,ntisr7wfwbghpyakh87fazbqma
test_server,9ucxdszfjfns9pqdxj464kirya
test_server,3paae14nd7brffkkrk5abtbfoa
test_server,xze88qetnj8bmx4qc9m7xcboby
test_server,anscdkhz93r3jnbdyuoyg91mxa
test_server,necyyuz78byoppcdhgzwkk7cqo
test_server,7e8ojejk5bngi8wmuasr5d3muo
test_server,eb6jkuei67nj5krbsw6nxpjxgy
test_server,4fb6nkprotbmmrtayfegxkasiw
test_server,rxo4ffap63bm9yuz6nk13p4gxw
test_server,5gbsj46bep87xcbbsc6k6siz7a
test_server,gns4sgayr7yf8m7wywc4r9kw6h
test_server,xpfg6jbr83nhznnnj5apwdq7ae
test_server,eryahq5xmby1mecrxsqzh5jyco
test_server,rikgipp397rkbghdxhsucpkxfe
test_server,ft43xm4c438u5n3495ngyisryr
test_server,dhsknzf7q7de8j6ucxjj49b76y
test_server,nw7nbrgy3igp3gd197mcn9w15y
test_server,3d5ff13ggfyh8mo6qtazbffw6a
test_server,ca4hzxq4qpgq7grgppqqf6jbza
test_server,us4y6z6ypingucwnx4w6133apo
test_server,gadq91yo6pyfdpw78nut54kkgw
test_server,5u7cza9rq7fupjb7hyix6cd8cc
test_server,gw1hoqnxc7brpm4s6smkutwz7y
test_server,fra8c8jbnpnejcn3usxyt7pdhc
test_server,sxmegh3km3gh8esnmshreyizyc
test_server,bjxeeo9piff13fjg6r51mohzcr
test_server,a3sek58jd78a5rh6y7ttzswc3w
test_server,ta9koeyr7pnzpkc9yc6kfjwe5a
test_server,wwfw3x5y5tynjxs9qqnw19xj8r
test_server,1k4m3x9jqfnzbm5ykip6sb4eqo
test_server,mfj6r63zyjbgdy91dnq9tzprye