installation_id,server_id,reason
u85ky7xjgfgstyskh1ruxrzhka,f6e83ppkkid99ypkrpynp4t3ya,"Multiple server ids for single installation id"
u85ky7xjgfgstyskh1ruxrzhka,1ynhaunfnjbzpdhdyayrng7g1w,"Multiple server ids for single installation id"
qe3n8xcfbbbkpychdu1yrbiu4r,yki54wi5jjgj5j9khxox3orrxw,"Multiple server ids for single installation id"
xfdyyb56gibtbbod6njxw3dfaw,gk6fwknh4fb6jyw4u6ox86zbgo,"Multiple server ids for single installation id"
e8jzofsh9bnwbgz4k9qspcc4bo,udyuyx15nfnxdkcjx9xgbmdkao,"Multiple server ids for single installation id"
sfx7fmqbmtfifj8s7516fnt9co,s4kn1saws7b7ir5q9dqi5d587r,"Multiple server ids for single installation id"
sfx7fmqbmtfifj8s7516fnt9co,nxw5tpnshtye3xyeusa8q35u7a,"Multiple server ids for single installation id"
8qnd3r1onb8i8xkuwg8fzpg5xw,ax6mmn9um7bexpwgyfbwtd8rdw,"Multiple server ids for single installation id"
8qnd3r1onb8i8xkuwg8fzpg5xw,kprubhxqtbbqprp93din689abc,"Multiple server ids for single installation id"
g64yw7mj7bdnfre5xgkxuypbgc,p8gem5baoi8j9bbiy1ekedyt1h,"Multiple server ids for single installation id"
g64yw7mj7bdnfre5xgkxuypbgc,pbj1g8rg53gn7fcima815eg85y,"Multiple server ids for single installation id"
3s53cdsrgj8fpybah9phoh9zya,wfjumsup8jy9xc7z8545hizoie,"Multiple server ids for single installation id"
c4ja3w3h8tgwiy5c5dbmhmkpje,93mykbogbjfrbbdqphx3zhze5c,"Multiple server ids for single installation id"
c4ja3w3h8tgwiy5c5dbmhmkpje,w7m89zdmdbf3pbfmbp715hr8jo,"Multiple server ids for single installation id"
nrmiqesi7idf5n97xaejof7jna,8pfudx3iif8xfnm18f87e6uhcc,"Multiple server ids for single installation id"
1df3wf71widuue1u4qwppkbyka,zkws9hqko3f58j649tp4pfogja,"Multiple server ids for single installation id"
zkgj4cmesjnd7fyyuyd17an3kh,d3sc69wyw3rwxq6mpzyejnc9kh,"Multiple server ids for single installation id"
ows5e6sj8pbwdjy1674kdf8jeh,k8xdm9d74tdttpk6x77aojcber,"Multiple server ids for single installation id"
ows5e6sj8pbwdjy1674kdf8jeh,qo9whzm6m7gp3xineygzbeax9w,"Multiple server ids for single installation id"
g1ooniq4otf378mcqqzqusdfxr,otnfykgoybrd3kn1csrpfwe7ry,"Multiple server ids for single installation id"
3rkfw5nfj3fz88m9skpq9ou1dc,wc4s1fnhrtn5fxkaeei7opgsso,"Multiple server ids for single installation id"
amp6a44xzjg9bjokc9z4sdsjgy,mffirsbg43y4mpgk3inx7zs7kc,"Multiple server ids for single installation id"
amp6a44xzjg9bjokc9z4sdsjgy,sspxrghbgbywigaswkjnkk959o,"Multiple server ids for single installation id"
1483w37c3pfe8xfih5hwrowrxo,q7bxfn3arbf3pjhu56z56qa96o,"Multiple server ids for single installation id"
qzzwo3mczi8auxngxgnm537rhw,yb4m3jj6q3g6zp1srpbqq8u6fy,"Multiple server ids for single installation id"
qzzwo3mczi8auxngxgnm537rhw,5itzeuzanffy5eqmuy8qq3x3fe,"Multiple server ids for single installation id"
xp9b54gntf8jxej8nkznhwdyie,3jf5dgwwsjr5pde9gb6zp7suhh,"Multiple server ids for single installation id"
7b1x1tjqupbrmfyz68zcmeu7wo,ifoz89xugpnj8q19poecb9jipy,"Multiple server ids for single installation id"
f8cdgt13ybd18b5jakd8strbfr,uiygic5pi3bmdfawdgj6df8akr,"Multiple server ids for single installation id"
9kdmsycw87g8tqpzqcq8ha7o4w,bjsac36xntbfppxf7rycijicuc,"Multiple server ids for single installation id"
ze1diiewqprcmftbiox9syyych,qe9gt7hgrifetj89hk5cproi6w,"Multiple server ids for single installation id"
cb79iwr5hbbu3dj8fcsyjtn7ge,gppxi9oprbbcunu4jedy7c6zfy,"Multiple server ids for single installation id"
cb79iwr5hbbu3dj8fcsyjtn7ge,o1ha8xtj17gozx487jz6xn8ade,"Multiple server ids for single installation id"
7rk6naeght87iefdwucuzsbhnc,p8eg38ducfrtjcq3r3wbi79bba,"Multiple server ids for single installation id"
7rk6naeght87iefdwucuzsbhnc,n3p714z9j3gm9r7sf33w6rn9gy,"Multiple server ids for single installation id"
7rk6naeght87iefdwucuzsbhnc,y7fgr7rd8frn9ftk7o4m57friw,"Multiple server ids for single installation id"
7rk6naeght87iefdwucuzsbhnc,d9n9ybnf6bbf9y785xd9yuaqtw,"Multiple server ids for single installation id"
acczo5s9rjrt9dnjzjhzoqog7c,fzfw1wrsujyo9bu84qjgq95r4c,"Multiple server ids for single installation id"
acczo5s9rjrt9dnjzjhzoqog7c,8sxo9o66i7fwbjfky6suici83c,"Multiple server ids for single installation id"
hdn5yz5wst8ijyy9aj8u4eo41h,s5pedxczptdeimiee55qaph4fh,"Multiple server ids for single installation id"
8bk6wawmw7yrm8sqidyrscbqse,fost1a8g3fdwugb67gfme141kc,"Multiple server ids for single installation id"
8bk6wawmw7yrm8sqidyrscbqse,uctjxc4j8p8efr3m5kafc3h49r,"Multiple server ids for single installation id"
utkwc3ie4bf97dmht4r7x55jfe,c7si7pyes7nzfr84rf7jnqp9zw,"Multiple server ids for single installation id"
utkwc3ie4bf97dmht4r7x55jfe,fyj17uaabbydmp67g6xg6j7kxo,"Multiple server ids for single installation id"
p6d8md7ugtyhu8if3u4pkem5ky,xkub1oii4brwfdyxc874dko4wy,"Multiple server ids for single installation id"
p6d8md7ugtyhu8if3u4pkem5ky,5zqkkcye6tfw3cdknscdgzy8wc,"Multiple server ids for single installation id"
bcyafzuggfycbgoopzxf14ueeo,6dosdxaahpymdxk8frae1ucikh,"Multiple server ids for single installation id"
bcyafzuggfycbgoopzxf14ueeo,disks3wih3bodnfqcdfqntrzxc,"Multiple server ids for single installation id"
bcyafzuggfycbgoopzxf14ueeo,xmjo1z8mft8xpx6p5oiajoymww,"Multiple server ids for single installation id"
rhjkjg44c7ykunh5qdhk1nmeoc,e48gj4xqzjdduextesjwjqzn3e,"Multiple server ids for single installation id"
x8ejpsgw8inq8mdzz8em9fyakh,z9dowd3hd3ydmn6p3qrrxxzswa,"Multiple server ids for single installation id"
x8ejpsgw8inq8mdzz8em9fyakh,ojms9nq5j3ns9pehsz5ogk3ydh,"Multiple server ids for single installation id"
x8ejpsgw8inq8mdzz8em9fyakh,iyw6pfj7g7y8jc3hnqtkh4s46h,"Multiple server ids for single installation id"
n9ndj9d9xfff8bm9qo3brx1m3y,6187stbbeprftjmhq5f1zt6abe,"Multiple server ids for single installation id"
n9ndj9d9xfff8bm9qo3brx1m3y,71qtxgioibf7mejmzmhbkrhfwa,"Multiple server ids for single installation id"
u3ffr9cqetfmuqhmjyzg4h7ioe,nzw4uykwkjropqpwxbfewzqn8c,"Multiple server ids for single installation id"
u3ffr9cqetfmuqhmjyzg4h7ioe,9z59sdtaf3dgtej7pqpdzdciya,"Multiple server ids for single installation id"
u3ffr9cqetfmuqhmjyzg4h7ioe,ax6mmn9um7bexpwgyfbwtd8rdw,"Multiple server ids for single installation id"
u3ffr9cqetfmuqhmjyzg4h7ioe,psuajy3y1fyj5kcw9yk7w7hico,"Multiple server ids for single installation id"
u3ffr9cqetfmuqhmjyzg4h7ioe,qydpiriy9b8ime91w1x6tbudpc,"Multiple server ids for single installation id"
7186g589ibfumxbjurg8t8jgge,wfzhn93c77rttfiysfrjue93he,"Multiple server ids for single installation id"
7186g589ibfumxbjurg8t8jgge,s3xd3j9n67gw3dh1rpnrn6w6sr,"Multiple server ids for single installation id"
ejsac6in9fdctfcs93k8cqg8ko,ywie5pnnktgkdd1n6fuozzb7pc,"Multiple server ids for single installation id"
ejsac6in9fdctfcs93k8cqg8ko,wz494m1ojtgtirmz9hr6bnd9ko,"Multiple server ids for single installation id"
4fttkmywkpfzip68417nhp5gde,4hz1xfcdy3bm3dxosbhkgch5ir,"Multiple server ids for single installation id"
4fttkmywkpfzip68417nhp5gde,5brmsn41mpyhb81d6k1hbeo7te,"Multiple server ids for single installation id"
aa6ikt43ipgtdyj4n5rc35z3ye,ckqe3xi75iyzpkaz9hyio94t7w,"Multiple server ids for single installation id"
aa6ikt43ipgtdyj4n5rc35z3ye,7wjhoykfat8cpgpd6px13q5bmw,"Multiple server ids for single installation id"
46bj9adj8pgqfjxn3nounorhph,rb7kem4tj3bou8k5rmqcirmgyc,"Multiple server ids for single installation id"
46bj9adj8pgqfjxn3nounorhph,bxdg17yjipdzuxnfn7ehfreeuo,"Multiple server ids for single installation id"
top9f96byfbd7qo19xd1d5mifc,k56zurqdtbyj5bayoowytxtyoh,"Multiple server ids for single installation id"
top9f96byfbd7qo19xd1d5mifc,ugychz16zjgsdech9mwiouq98c,"Multiple server ids for single installation id"
ztn4wnsdobyfbcw3ify4f33tgy,7q4jjmtnw38qtj3u48uypiafar,"Multiple server ids for single installation id"
ztn4wnsdobyfbcw3ify4f33tgy,xrdazo7867bqbreyepnh4tc17a,"Multiple server ids for single installation id"
9yfib8jn8tysd8encikimikfzc,pckpgs8kxtynumu35e3h38xa1r,"Multiple server ids for single installation id"
9yfib8jn8tysd8encikimikfzc,48793x3j17n68gy4gnmxxq7yjc,"Multiple server ids for single installation id"
q5zsg5gr8jry5dsckr8698zn5r,scewpkjdr3fobxhmxj4hm7wjir,"Multiple server ids for single installation id"
q5zsg5gr8jry5dsckr8698zn5r,rosfce8xj3bszkkd9m564hfstw,"Multiple server ids for single installation id"
p7dpr95m8bg98xjuypqszg8she,eqogoyf9z3gi8byzu5hn4j1ztr,"Multiple server ids for single installation id"
p7dpr95m8bg98xjuypqszg8she,yt4y96ie7fgbuckwsapztrxiee,"Multiple server ids for single installation id"
73ino6sg17ndjfcy41x4t4ke8r,99py6a8zeiympj65deno75f4se,"Multiple server ids for single installation id"
73ino6sg17ndjfcy41x4t4ke8r,ttag51uzk3bb7ykuk3tghsze7a,"Multiple server ids for single installation id"
73ino6sg17ndjfcy41x4t4ke8r,c3yfibpih3yx3bzn47k4814kmh,"Multiple server ids for single installation id"
w78ni9ahbf8gxegtjea8kmhfwe,7p7c8s69pty7tctzqkyyr67w7r,"Multiple server ids for single installation id"
w78ni9ahbf8gxegtjea8kmhfwe,kr9trz6wj7g7pnws4iipx91uzh,"Multiple server ids for single installation id"
qtiduzjm13remjb4qffw365a1o,811xmm94sjfx9raraeudgq544r,"Multiple server ids for single installation id"
qtiduzjm13remjb4qffw365a1o,4kjpccbzupdjmm65to1wixhzio,"Multiple server ids for single installation id"
prujhs4csbyqtqgypkcipbyoxc,ox1umnkwzbnp5ypc3fw1cr46fr,"Multiple server ids for single installation id"
prujhs4csbyqtqgypkcipbyoxc,cbui3hrnepghjkbgsna5zfhdhr,"Multiple server ids for single installation id"
7d4rygoi8jbczf9ggadcf8ya5e,i1zh1794mifwtnt8hbn4g7g5dw,"Multiple server ids for single installation id"
7d4rygoi8jbczf9ggadcf8ya5e,168qxoopobgizczud4xynqkkaa,"Multiple server ids for single installation id"
qjmpxbfz3jfj8deimy8stsu7fh,5zgnhzeztfbabkcfotkcj7hxhy,"Multiple server ids for single installation id"
qjmpxbfz3jfj8deimy8stsu7fh,crwytybk4pyufcqq4cso9xdf6a,"Multiple server ids for single installation id"
z6f3ofxn3fbg3rm9tx7irtt1ba,ktyficje8iduzqpkc39k7kzu4a,"Multiple server ids for single installation id"
z6f3ofxn3fbg3rm9tx7irtt1ba,ddncx4zzd7fpxri5knfr4ufxjc,"Multiple server ids for single installation id"
c71dnndunfby9qoxcxqccfh6fe,3teqir5ko3fp5cscnfkh1kuhfo,"Multiple server ids for single installation id"
c71dnndunfby9qoxcxqccfh6fe,48um6e1iw7bfbqn9k3g1gcgyue,"Multiple server ids for single installation id"
8osmdcgxnj89zgiosbrkfsoonw,bhftfp5urifc5p4x3zapqkzhmw,"Multiple server ids for single installation id"
8osmdcgxnj89zgiosbrkfsoonw,e5q7htgmr7rpzk853srqejifqw,"Multiple server ids for single installation id"
swwyonco9bfidkcgcfip6s4oga,mr1tqcx5gbbcpqdkmj4q5ombny,"Multiple server ids for single installation id"
swwyonco9bfidkcgcfip6s4oga,mk47sut3t3f1xk8oxba3dbfsay,"Multiple server ids for single installation id"
bdcz747iatyr3m5oyw6cwikgma,ysuwjumykpgi9ebujy5ereh6ha,"Multiple server ids for single installation id"
bdcz747iatyr3m5oyw6cwikgma,o4japgcc7bdc3f6oi4eufta9qh,"Multiple server ids for single installation id"
9er8byuig78iixnr8f7j5m5jgo,tzh1iran3fr4mqfjm3gnca3fhe,"Multiple server ids for single installation id"
9er8byuig78iixnr8f7j5m5jgo,1ppj8n7hjj869y16gihfi8nsny,"Multiple server ids for single installation id"
ey7abchwrjrj5fh1hog77nzhtw,sb9mw1j35fyttytbd45ugiztde,"Multiple server ids for single installation id"
ey7abchwrjrj5fh1hog77nzhtw,17rf7keopiyi5cquiufnymka5y,"Multiple server ids for single installation id"
k53fhfoumfdczx75zaf9kst1ae,h5s6h6b6dfrpfxyrrxfgt7judr,"Multiple server ids for single installation id"
k53fhfoumfdczx75zaf9kst1ae,arsgr4xg4jb3jqamrew8drrefw,"Multiple server ids for single installation id"
ep3hwop86bg95bnjm1bgskhanw,3bm9pqeb7ffaifjcfrgg1au7qo,"Multiple server ids for single installation id"
ep3hwop86bg95bnjm1bgskhanw,83y4c99w8j843qecoszy9eq68e,"Multiple server ids for single installation id"
kemz5rhhuiffzmn3ku4ax41m8w,z9sma3c57pyfzp18z7omwcathw,"Multiple server ids for single installation id"
kemz5rhhuiffzmn3ku4ax41m8w,pp5m3ixy1py6mrx349e57o34to,"Multiple server ids for single installation id"
u81nwtzh6t81mgeb9pz4wrz5fy,59cgex58bif4zkfj7d773s4obc,"Multiple server ids for single installation id"
u81nwtzh6t81mgeb9pz4wrz5fy,cuqbi5e6fbgm7mkejehmp3jbtc,"Multiple server ids for single installation id"
u81nwtzh6t81mgeb9pz4wrz5fy,ezb7eoj7k3f63cdw5weauq4w4o,"Multiple server ids for single installation id"
6gaztn6epjroidm5z3k47udtka,akuqhhwyciys5nmojudjuhaqxc,"Multiple server ids for single installation id"
6gaztn6epjroidm5z3k47udtka,aosoefhja7g33yzatxdfcfyh1h,"Multiple server ids for single installation id"
bwooiaka4tg15n5yf4ckqxmn8h,ys4x9w8mdpr67fykbkn96s18yy,"Multiple server ids for single installation id"
bwooiaka4tg15n5yf4ckqxmn8h,5yww51nx4t8ffjtsdbiigsko9c,"Multiple server ids for single installation id"
1jmpk187ubgqubis3d5s8ktwwa,fajpdm78ptdadkuma8cs5epkkr,"Multiple server ids for single installation id"
1jmpk187ubgqubis3d5s8ktwwa,yowit8mri3gm3jsgsdn41ab7oe,"Multiple server ids for single installation id"
fw6c1ecob3yqdjw59zzmkwhiwc,7kmwghaxbjrnjnisw6zpwiakjh,"Multiple server ids for single installation id"
m4b143nxpfd4pf6m6x6qs9r8ih,g1zpk59877835gyf5dwfsjawmw,"Multiple server ids for single installation id"
m4b143nxpfd4pf6m6x6qs9r8ih,e54dp5jtepbfuxcppdi93ey6oc,"Multiple server ids for single installation id"
jkenyqen37dbxmpdtht1hmd1yy,qgcy7b88mbnftcjei7b8e9wbpe,"Multiple server ids for single installation id"
jkenyqen37dbxmpdtht1hmd1yy,mesjbam17p8qpns6r66ru73hky,"Multiple server ids for single installation id"
jkenyqen37dbxmpdtht1hmd1yy,c5aqebbfef8m3mj7j7kas99fpc,"Multiple server ids for single installation id"
jkenyqen37dbxmpdtht1hmd1yy,98w1gf9dkjnt7dapqd9hfza3fo,"Multiple server ids for single installation id"
jkenyqen37dbxmpdtht1hmd1yy,5ktsbfxgwjggun3cs71pwedw8r,"Multiple server ids for single installation id"
jkenyqen37dbxmpdtht1hmd1yy,okbnd8f857nzxm1fpanpgg539o,"Multiple server ids for single installation id"
jkenyqen37dbxmpdtht1hmd1yy,nid73eis63rd3ggg4rt8xytu4a,"Multiple server ids for single installation id"
jkenyqen37dbxmpdtht1hmd1yy,pkj6z5yphjdotj4k9c7ftcmndc,"Multiple server ids for single installation id"
jkenyqen37dbxmpdtht1hmd1yy,yqxnciwczindxe6i6dcbojiwec,"Multiple server ids for single installation id"
jkenyqen37dbxmpdtht1hmd1yy,8eerb4aiibfp8j9tb3r4anrt4c,"Multiple server ids for single installation id"
zdujwbbwot8rdpcnqkrxwemxpw,ktyficje8iduzqpkc39k7kzu4a,"Multiple server ids for single installation id"
zdujwbbwot8rdpcnqkrxwemxpw,5brios58ppgkp8x6m948h9km8y,"Multiple server ids for single installation id"
bo6fk3c8mt8pipa119nf3osihe,c3484d9e4fd45d4rj8oiewamhy,"Multiple server ids for single installation id"
bo6fk3c8mt8pipa119nf3osihe,owyw7w3rcir1dbou5e3rt4g6er,"Multiple server ids for single installation id"
mjewrr9d97nt8xbio5hyki7zjo,73ek9auu938zfyhy3rj7ofnama,"No server data"
sjswizkcgfr93fbeprpbhupmoc,73ek9auu938zfyhy3rj7ofnama,"No server data"
tb5rt3y7jb88mx39ynwxrbaxso,hu5jhfqq87b5jp1yiuzcyku3ur,"Multiple server ids for single installation id"
tb5rt3y7jb88mx39ynwxrbaxso,hnafg8t6rtdxtc7ttyow4dfx8a,"Multiple server ids for single installation id"